"Codon","Selection"
"GCA",1.01265060901642
"GCC",0.311807423830032
"GCG",2.07388639450073
"TGC",1.33820974826813
"GAC",0.102990537881851
"GAG",-1.05706262588501
"TTT",-0.370140314102173
"GGA",1.53346478939056
"GGC",1.72175753116608
"GGG",2.077712059021
"CAT",0.0827457085251808
"ATA",1.23638844490051
"ATT",-0.023555776104331
"AAA",0.422373861074448
"CTA",0.717369556427002
"CTC",2.67187714576721
"CTG",2.64964842796326
"CTT",1.22332525253296
"TTA",0.556803286075592
"AAT",-0.281419306993484
"CCC",-0.592987537384033
"CCG",1.41182744503021
"CCT",1.52666568756104
"CAG",-1.45629751682281
"AGG",-0.180868536233902
"CGA",1.13264226913452
"CGC",2.02118730545044
"CGG",1.62940144538879
"CGT",2.75728416442871
"TCA",1.03011345863342
"TCC",0.176741808652878
"TCG",2.10973334312439
"ACA",0.958012223243713
"ACC",0.0389168784022331
"ACG",1.88559150695801
"GTA",0.954252541065216
"GTG",-0.0366829708218575
"GTT",1.64793181419373
"TAT",-0.205211579799652
"AGC",0.948810994625092
