"Codon","Mutation"
"GCA",-0.224832698702812
"GCC",0.246981829404831
"GCG",0.444073349237442
"TGC",0.00525173498317599
"GAT",0.332674026489258
"GAG",-0.282281547784805
"TTT",0.553995072841644
"GGA",0.231154426932335
"GGC",0.0946662425994873
"GGG",0.589731693267822
"CAT",0.200172439217567
"ATA",0.248506993055344
"ATT",0.283787190914154
"AAA",-0.355660200119019
"CTA",0.453798592090607
"CTC",0.98746532201767
"CTG",0.152064397931099
"CTT",0.759382128715515
"TTA",0.235875502228737
"AAT",0.0725148245692253
"CCC",-0.152751058340073
"CCG",0.259131997823715
"CCT",0.214108616113663
"CAG",-0.0124302888289094
"AGG",-0.904825508594513
"CGA",-0.697769463062286
"CGC",0.385171234607697
"CGG",0.291043281555176
"CGT",0.432578831911087
"TCA",0.174030154943466
"TCC",0.481973320245743
"TCG",0.393683403730392
"ACA",-0.23168009519577
"ACG",0.293752998113632
"ACT",0.372647345066071
"GTA",0.432892262935638
"GTG",0.449201226234436
"GTT",0.102126345038414
"TAT",-0.010772131383419
"AGC",-0.0969405993819237
