"id_names","Mean"
"augustus_masked-SAKL0A-processed-gene-0.14-mRNA-1",1.02066682255268
"augustus_masked-SAKL0A-processed-gene-0.20-mRNA-1",1.10820869147778
"augustus_masked-SAKL0A-processed-gene-0.33-mRNA-1",0.666740463346243
"augustus_masked-SAKL0A-processed-gene-0.36-mRNA-1",0.870666288793087
"augustus_masked-SAKL0A-processed-gene-1.10-mRNA-1",1.20313563215733
"augustus_masked-SAKL0A-processed-gene-1.12-mRNA-1",0.823932557821274
"augustus_masked-SAKL0A-processed-gene-1.13-mRNA-1",0.663361137717962
"augustus_masked-SAKL0A-processed-gene-1.15-mRNA-1",0.914936155378819
"augustus_masked-SAKL0A-processed-gene-1.23-mRNA-1",0.860148924171925
"augustus_masked-SAKL0A-processed-gene-1.30-mRNA-1",0.776406115710735
"augustus_masked-SAKL0A-processed-gene-1.31-mRNA-1",0.875937714099884
"augustus_masked-SAKL0A-processed-gene-1.37-mRNA-1",1.18325870108604
"augustus_masked-SAKL0A-processed-gene-1.39-mRNA-1",0.849206202507019
"augustus_masked-SAKL0A-processed-gene-1.42-mRNA-1",0.731207045137882
"augustus_masked-SAKL0A-processed-gene-1.48-mRNA-1",0.85736715900898
"augustus_masked-SAKL0A-processed-gene-2.14-mRNA-1",0.710355512350798
"augustus_masked-SAKL0A-processed-gene-2.15-mRNA-1",0.759263059914112
"augustus_masked-SAKL0A-processed-gene-2.18-mRNA-1",0.834535623252392
"augustus_masked-SAKL0A-processed-gene-3.14-mRNA-1",0.859274918317795
"augustus_masked-SAKL0A-processed-gene-3.15-mRNA-1",1.45617197299004
"augustus_masked-SAKL0A-processed-gene-3.2-mRNA-1",0.931127620697021
"augustus_masked-SAKL0A-processed-gene-3.20-mRNA-1",4.07674107193947
"augustus_masked-SAKL0A-processed-gene-3.22-mRNA-1",2.14985953223705
"augustus_masked-SAKL0A-processed-gene-3.26-mRNA-1",0.963875891923904
"augustus_masked-SAKL0A-processed-gene-3.30-mRNA-1",0.878032003641129
"augustus_masked-SAKL0A-processed-gene-3.32-mRNA-1",0.835613811016083
"augustus_masked-SAKL0A-processed-gene-3.35-mRNA-1",1.0341276987195
"augustus_masked-SAKL0A-processed-gene-3.36-mRNA-1",1.28003387248516
"augustus_masked-SAKL0A-processed-gene-3.42-mRNA-1",0.920951232850552
"augustus_masked-SAKL0A-processed-gene-4.17-mRNA-1",0.836309895038605
"augustus_masked-SAKL0A-processed-gene-4.22-mRNA-1",1.09714307504892
"augustus_masked-SAKL0A-processed-gene-4.25-mRNA-1",1.21671548348665
"augustus_masked-SAKL0A-processed-gene-4.44-mRNA-1",1.04830232554674
"augustus_masked-SAKL0A-processed-gene-4.7-mRNA-1",0.835707879006863
"augustus_masked-SAKL0A-processed-gene-5.10-mRNA-1",1.16232796400785
"augustus_masked-SAKL0A-processed-gene-5.16-mRNA-1",1.33433354246616
"augustus_masked-SAKL0A-processed-gene-5.17-mRNA-1",0.947027091860771
"augustus_masked-SAKL0A-processed-gene-5.29-mRNA-1",0.866168358325958
"augustus_masked-SAKL0A-processed-gene-5.30-mRNA-1",0.708507413327694
"augustus_masked-SAKL0A-processed-gene-5.31-mRNA-1",0.662203303873539
"augustus_masked-SAKL0A-processed-gene-5.32-mRNA-1",0.854853708386421
"augustus_masked-SAKL0A-processed-gene-5.38-mRNA-1",1.24847913217545
"augustus_masked-SAKL0A-processed-gene-6.113-mRNA-1",0.831884446442127
"augustus_masked-SAKL0A-processed-gene-6.116-mRNA-1",0.716060031145811
"augustus_masked-SAKL0A-processed-gene-6.120-mRNA-1",0.776666973471641
"augustus_masked-SAKL0A-processed-gene-6.121-mRNA-1",0.975524193286896
"augustus_masked-SAKL0A-processed-gene-6.130-mRNA-1",0.702346880465746
"augustus_masked-SAKL0A-processed-gene-6.131-mRNA-1",3.64006588935852
"augustus_masked-SAKL0A-processed-gene-6.133-mRNA-1",0.949298864960671
"augustus_masked-SAKL0A-processed-gene-6.139-mRNA-1",0.579339765071869
"augustus_masked-SAKL0A-processed-gene-6.151-mRNA-1",0.679075339019299
"augustus_masked-SAKL0A-processed-gene-7.0-mRNA-1",0.93731650775671
"augustus_masked-SAKL0A-processed-gene-7.15-mRNA-1",0.822297616243362
"augustus_masked-SAKL0A-processed-gene-7.17-mRNA-1",1.0332449837327
"augustus_masked-SAKL0A-processed-gene-7.2-mRNA-1",0.780629191458225
"augustus_masked-SAKL0A-processed-gene-7.27-mRNA-1",0.989451458930969
"augustus_masked-SAKL0A-processed-gene-7.3-mRNA-1",0.695148731589317
"augustus_masked-SAKL0A-processed-gene-7.35-mRNA-1",1.10813243108988
"augustus_masked-SAKL0A-processed-gene-7.40-mRNA-1",0.740072064518928
"augustus_masked-SAKL0A-processed-gene-8.15-mRNA-1",1.38330075275898
"augustus_masked-SAKL0A-processed-gene-8.17-mRNA-1",1.03316306215525
"augustus_masked-SAKL0A-processed-gene-8.2-mRNA-1",0.970407237708569
"augustus_masked-SAKL0A-processed-gene-8.24-mRNA-1",1.40404268562794
"augustus_masked-SAKL0A-processed-gene-8.25-mRNA-1",0.980891938328743
"augustus_masked-SAKL0A-processed-gene-8.30-mRNA-1",0.392460401281714
"augustus_masked-SAKL0A-processed-gene-8.39-mRNA-1",0.578048282951117
"augustus_masked-SAKL0A-processed-gene-8.4-mRNA-1",1.30061160546541
"augustus_masked-SAKL0A-processed-gene-8.46-mRNA-1",0.837954784214497
"augustus_masked-SAKL0A-processed-gene-8.47-mRNA-1",1.05689112001657
"augustus_masked-SAKL0A-processed-gene-8.52-mRNA-1",1.13881543797255
"augustus_masked-SAKL0A-processed-gene-8.55-mRNA-1",1.31777010297775
"augustus_masked-SAKL0A-processed-gene-8.60-mRNA-1",0.607020421922207
"augustus_masked-SAKL0A-processed-gene-8.62-mRNA-1",0.420982090622187
"augustus_masked-SAKL0A-processed-gene-8.9-mRNA-1",1.59654200148582
"augustus_masked-SAKL0B-processed-gene-0.103-mRNA-1",0.981333470582962
"augustus_masked-SAKL0B-processed-gene-0.106-mRNA-1",0.918709218978882
"augustus_masked-SAKL0B-processed-gene-0.109-mRNA-1",0.704564470529556
"augustus_masked-SAKL0B-processed-gene-0.84-mRNA-1",1.31458877754211
"augustus_masked-SAKL0B-processed-gene-0.85-mRNA-1",1.25680772382021
"augustus_masked-SAKL0B-processed-gene-0.86-mRNA-1",0.87929845058918
"augustus_masked-SAKL0B-processed-gene-1.15-mRNA-1",0.706416915416718
"augustus_masked-SAKL0B-processed-gene-1.19-mRNA-1",0.79373431968689
"augustus_masked-SAKL0B-processed-gene-1.21-mRNA-1",0.989970067739487
"augustus_masked-SAKL0B-processed-gene-1.23-mRNA-1",0.586134203463793
"augustus_masked-SAKL0B-processed-gene-1.26-mRNA-1",3.7843460457325
"augustus_masked-SAKL0B-processed-gene-1.28-mRNA-1",0.880034033238888
"augustus_masked-SAKL0B-processed-gene-1.30-mRNA-1",0.923789108335972
"augustus_masked-SAKL0B-processed-gene-1.33-mRNA-1",0.766688356459141
"augustus_masked-SAKL0B-processed-gene-1.6-mRNA-1",0.831303155720234
"augustus_masked-SAKL0B-processed-gene-1.8-mRNA-1",0.979225062608719
"augustus_masked-SAKL0B-processed-gene-10.0-mRNA-1",0.877122534871101
"augustus_masked-SAKL0B-processed-gene-10.1-mRNA-1",0.791918681621552
"augustus_masked-SAKL0B-processed-gene-10.13-mRNA-1",1.24811628097296
"augustus_masked-SAKL0B-processed-gene-10.25-mRNA-1",0.954379398822784
"augustus_masked-SAKL0B-processed-gene-10.26-mRNA-1",0.69213002204895
"augustus_masked-SAKL0B-processed-gene-10.31-mRNA-1",0.776113286137581
"augustus_masked-SAKL0B-processed-gene-10.32-mRNA-1",1.54051936304569
"augustus_masked-SAKL0B-processed-gene-10.9-mRNA-1",0.792396898925304
"augustus_masked-SAKL0B-processed-gene-2.26-mRNA-1",0.858768414497376
"augustus_masked-SAKL0B-processed-gene-2.32-mRNA-1",1.18545247524977
"augustus_masked-SAKL0B-processed-gene-2.33-mRNA-1",0.877090710639954
"augustus_masked-SAKL0B-processed-gene-2.40-mRNA-1",1.2162672804594
"augustus_masked-SAKL0B-processed-gene-2.44-mRNA-1",1.03519279396534
"augustus_masked-SAKL0B-processed-gene-2.47-mRNA-1",0.835054939031601
"augustus_masked-SAKL0B-processed-gene-2.5-mRNA-1",1.07071929997206
"augustus_masked-SAKL0B-processed-gene-3.102-mRNA-1",1.01854187524319
"augustus_masked-SAKL0B-processed-gene-3.106-mRNA-1",0.754383184075356
"augustus_masked-SAKL0B-processed-gene-3.111-mRNA-1",0.971333070099354
"augustus_masked-SAKL0B-processed-gene-3.97-mRNA-1",0.987228422343731
"augustus_masked-SAKL0B-processed-gene-4.103-mRNA-1",0.711828179121017
"augustus_masked-SAKL0B-processed-gene-4.106-mRNA-1",1.2251691480279
"augustus_masked-SAKL0B-processed-gene-4.114-mRNA-1",1.40218369686604
"augustus_masked-SAKL0B-processed-gene-4.125-mRNA-1",0.896520245909691
"augustus_masked-SAKL0B-processed-gene-4.127-mRNA-1",0.937470930635929
"augustus_masked-SAKL0B-processed-gene-4.98-mRNA-1",0.70543977445364
"augustus_masked-SAKL0B-processed-gene-5.108-mRNA-1",4.41584981942177
"augustus_masked-SAKL0B-processed-gene-5.109-mRNA-1",0.738878416657448
"augustus_masked-SAKL0B-processed-gene-5.111-mRNA-1",3.10389951300621
"augustus_masked-SAKL0B-processed-gene-5.113-mRNA-1",1.49921575832367
"augustus_masked-SAKL0B-processed-gene-5.116-mRNA-1",0.658621413499117
"augustus_masked-SAKL0B-processed-gene-5.122-mRNA-1",0.789771481633186
"augustus_masked-SAKL0B-processed-gene-5.88-mRNA-1",0.778253184914589
"augustus_masked-SAKL0B-processed-gene-5.90-mRNA-1",2.55473589777946
"augustus_masked-SAKL0B-processed-gene-5.96-mRNA-1",1.01712745469809
"augustus_masked-SAKL0B-processed-gene-6.109-mRNA-1",0.915735367715359
"augustus_masked-SAKL0B-processed-gene-6.126-mRNA-1",0.899734492123127
"augustus_masked-SAKL0B-processed-gene-6.137-mRNA-1",0.970395250141621
"augustus_masked-SAKL0B-processed-gene-6.138-mRNA-1",0.882347343862057
"augustus_masked-SAKL0B-processed-gene-6.142-mRNA-1",0.832714207470417
"augustus_masked-SAKL0B-processed-gene-6.150-mRNA-1",1.31226726734638
"augustus_masked-SAKL0B-processed-gene-7.1-mRNA-1",0.649124278128147
"augustus_masked-SAKL0B-processed-gene-7.12-mRNA-1",0.760355547249317
"augustus_masked-SAKL0B-processed-gene-7.13-mRNA-1",0.819457808315754
"augustus_masked-SAKL0B-processed-gene-7.17-mRNA-1",1.06896085846424
"augustus_masked-SAKL0B-processed-gene-7.21-mRNA-1",0.536866585239768
"augustus_masked-SAKL0B-processed-gene-7.22-mRNA-1",1.36560685896873
"augustus_masked-SAKL0B-processed-gene-7.26-mRNA-1",0.836727539718151
"augustus_masked-SAKL0B-processed-gene-7.8-mRNA-1",0.859895420730114
"augustus_masked-SAKL0B-processed-gene-8.20-mRNA-1",0.834291068851948
"augustus_masked-SAKL0B-processed-gene-8.27-mRNA-1",0.785112242162228
"augustus_masked-SAKL0B-processed-gene-8.3-mRNA-1",1.67536277365685
"augustus_masked-SAKL0B-processed-gene-8.40-mRNA-1",1.47077322626114
"augustus_masked-SAKL0B-processed-gene-9.106-mRNA-1",1.72611628246307
"augustus_masked-SAKL0B-processed-gene-9.111-mRNA-1",1.84011763036251
"augustus_masked-SAKL0B-processed-gene-9.112-mRNA-1",0.923759663045406
"augustus_masked-SAKL0B-processed-gene-9.124-mRNA-1",0.611421378880739
"augustus_masked-SAKL0B-processed-gene-9.96-mRNA-1",1.58626066505909
"augustus_masked-SAKL0C-processed-gene-0.1-mRNA-1",0.902801326930523
"augustus_masked-SAKL0C-processed-gene-0.26-mRNA-1",1.37505176347494
"augustus_masked-SAKL0C-processed-gene-0.29-mRNA-1",0.693625819385052
"augustus_masked-SAKL0C-processed-gene-0.5-mRNA-1",0.256216284044087
"augustus_masked-SAKL0C-processed-gene-1.113-mRNA-1",1.18449297273159
"augustus_masked-SAKL0C-processed-gene-1.118-mRNA-1",0.992036500036717
"augustus_masked-SAKL0C-processed-gene-10.13-mRNA-1",1.2158268456459
"augustus_masked-SAKL0C-processed-gene-10.14-mRNA-1",1.36154716694355
"augustus_masked-SAKL0C-processed-gene-10.21-mRNA-1",2.23667368280888
"augustus_masked-SAKL0C-processed-gene-10.24-mRNA-1",1.25848442614079
"augustus_masked-SAKL0C-processed-gene-10.31-mRNA-1",2.41834107995033
"augustus_masked-SAKL0C-processed-gene-10.32-mRNA-1",0.727027939945459
"augustus_masked-SAKL0C-processed-gene-11.14-mRNA-1",1.10455927413702
"augustus_masked-SAKL0C-processed-gene-11.15-mRNA-1",0.605501401811838
"augustus_masked-SAKL0C-processed-gene-11.22-mRNA-1",0.868094511508942
"augustus_masked-SAKL0C-processed-gene-11.30-mRNA-1",1.3590187214613
"augustus_masked-SAKL0C-processed-gene-11.35-mRNA-1",0.741393370181322
"augustus_masked-SAKL0C-processed-gene-11.40-mRNA-1",0.793904454112053
"augustus_masked-SAKL0C-processed-gene-11.50-mRNA-1",1.15831198972464
"augustus_masked-SAKL0C-processed-gene-11.57-mRNA-1",0.899984714329243
"augustus_masked-SAKL0C-processed-gene-11.58-mRNA-1",0.798134165465832
"augustus_masked-SAKL0C-processed-gene-11.66-mRNA-1",1.21105878394842
"augustus_masked-SAKL0C-processed-gene-11.69-mRNA-1",0.676977822333574
"augustus_masked-SAKL0C-processed-gene-11.79-mRNA-1",0.863363431930542
"augustus_masked-SAKL0C-processed-gene-2.84-mRNA-1",0.437505870968103
"augustus_masked-SAKL0C-processed-gene-2.88-mRNA-1",0.399751170381904
"augustus_masked-SAKL0C-processed-gene-2.92-mRNA-1",0.186879389122128
"augustus_masked-SAKL0C-processed-gene-3.16-mRNA-1",0.691336076915264
"augustus_masked-SAKL0C-processed-gene-3.20-mRNA-1",0.268491010740399
"augustus_masked-SAKL0C-processed-gene-3.29-mRNA-1",0.501805668741465
"augustus_masked-SAKL0C-processed-gene-3.32-mRNA-1",0.246313041009009
"augustus_masked-SAKL0C-processed-gene-3.35-mRNA-1",0.170866392172873
"augustus_masked-SAKL0C-processed-gene-4.10-mRNA-1",0.208928303033113
"augustus_masked-SAKL0C-processed-gene-4.14-mRNA-1",0.3781121057868
"augustus_masked-SAKL0C-processed-gene-4.21-mRNA-1",0.405818966567516
"augustus_masked-SAKL0C-processed-gene-4.24-mRNA-1",0.0747073977012187
"augustus_masked-SAKL0C-processed-gene-4.27-mRNA-1",0.243540355794132
"augustus_masked-SAKL0C-processed-gene-4.30-mRNA-1",0.426773514226079
"augustus_masked-SAKL0C-processed-gene-4.33-mRNA-1",0.39350820709765
"augustus_masked-SAKL0C-processed-gene-4.7-mRNA-1",0.272668006278574
"augustus_masked-SAKL0C-processed-gene-4.9-mRNA-1",3.37907998371124
"augustus_masked-SAKL0C-processed-gene-5.13-mRNA-1",0.245667668566108
"augustus_masked-SAKL0C-processed-gene-5.15-mRNA-1",0.263647592298687
"augustus_masked-SAKL0C-processed-gene-5.24-mRNA-1",0.252585206270218
"augustus_masked-SAKL0C-processed-gene-5.26-mRNA-1",0.301891122847796
"augustus_masked-SAKL0C-processed-gene-5.36-mRNA-1",0.309706257030368
"augustus_masked-SAKL0C-processed-gene-6.14-mRNA-1",0.250503750689328
"augustus_masked-SAKL0C-processed-gene-6.22-mRNA-1",0.60126212772727
"augustus_masked-SAKL0C-processed-gene-6.35-mRNA-1",0.283257995530963
"augustus_masked-SAKL0C-processed-gene-6.43-mRNA-1",1.51446570467949
"augustus_masked-SAKL0C-processed-gene-6.45-mRNA-1",0.370166239961982
"augustus_masked-SAKL0C-processed-gene-7.17-mRNA-1",0.199632229141891
"augustus_masked-SAKL0C-processed-gene-7.19-mRNA-1",0.187148028969765
"augustus_masked-SAKL0C-processed-gene-7.33-mRNA-1",0.210762785233557
"augustus_masked-SAKL0C-processed-gene-7.34-mRNA-1",0.555621468931436
"augustus_masked-SAKL0C-processed-gene-7.46-mRNA-1",0.165364857509732
"augustus_masked-SAKL0C-processed-gene-8.18-mRNA-1",0.343678937733173
"augustus_masked-SAKL0C-processed-gene-8.19-mRNA-1",0.394462511464953
"augustus_masked-SAKL0C-processed-gene-8.23-mRNA-1",0.289200363352895
"augustus_masked-SAKL0C-processed-gene-8.25-mRNA-1",0.291155717894435
"augustus_masked-SAKL0C-processed-gene-8.49-mRNA-1",0.643519115537405
"augustus_masked-SAKL0C-processed-gene-8.58-mRNA-1",0.335048373445869
"augustus_masked-SAKL0C-processed-gene-9.19-mRNA-1",0.403237210690975
"augustus_masked-SAKL0C-processed-gene-9.21-mRNA-1",0.342909410461783
"augustus_masked-SAKL0C-processed-gene-9.27-mRNA-1",0.406419050440192
"augustus_masked-SAKL0C-processed-gene-9.29-mRNA-1",2.77081277513504
"augustus_masked-SAKL0C-processed-gene-9.44-mRNA-1",0.381413995102048
"augustus_masked-SAKL0C-processed-gene-9.46-mRNA-1",0.602450242996216
"augustus_masked-SAKL0C-processed-gene-9.5-mRNA-1",0.273352855928242
"augustus_masked-SAKL0D-processed-gene-0.109-mRNA-1",1.23442782270908
"augustus_masked-SAKL0D-processed-gene-0.86-mRNA-1",0.887568532466888
"augustus_masked-SAKL0D-processed-gene-0.88-mRNA-1",1.04667633825541
"augustus_masked-SAKL0D-processed-gene-0.89-mRNA-1",0.758470560997725
"augustus_masked-SAKL0D-processed-gene-1.25-mRNA-1",1.11519219762087
"augustus_masked-SAKL0D-processed-gene-1.40-mRNA-1",0.959459745585918
"augustus_masked-SAKL0D-processed-gene-10.10-mRNA-1",1.05712073087692
"augustus_masked-SAKL0D-processed-gene-10.22-mRNA-1",0.91044716835022
"augustus_masked-SAKL0D-processed-gene-10.24-mRNA-1",1.29574925065041
"augustus_masked-SAKL0D-processed-gene-10.30-mRNA-1",0.772299829602242
"augustus_masked-SAKL0D-processed-gene-10.31-mRNA-1",0.799837792694569
"augustus_masked-SAKL0D-processed-gene-10.34-mRNA-1",0.838292711555958
"augustus_masked-SAKL0D-processed-gene-10.39-mRNA-1",0.741366492152214
"augustus_masked-SAKL0D-processed-gene-10.4-mRNA-1",0.772700872898102
"augustus_masked-SAKL0D-processed-gene-10.42-mRNA-1",0.721780096679926
"augustus_masked-SAKL0D-processed-gene-10.6-mRNA-1",1.15019186556339
"augustus_masked-SAKL0D-processed-gene-11.216-mRNA-1",0.726335811197758
"augustus_masked-SAKL0D-processed-gene-11.217-mRNA-1",0.791842501401901
"augustus_masked-SAKL0D-processed-gene-11.227-mRNA-1",0.981328102111816
"augustus_masked-SAKL0D-processed-gene-11.230-mRNA-1",0.747738913476467
"augustus_masked-SAKL0D-processed-gene-11.231-mRNA-1",0.835300889790058
"augustus_masked-SAKL0D-processed-gene-11.235-mRNA-1",0.88751663300395
"augustus_masked-SAKL0D-processed-gene-11.247-mRNA-1",0.84061993342638
"augustus_masked-SAKL0D-processed-gene-11.248-mRNA-1",1.31436153638363
"augustus_masked-SAKL0D-processed-gene-11.268-mRNA-1",0.794302576422691
"augustus_masked-SAKL0D-processed-gene-11.272-mRNA-1",0.859076079964638
"augustus_masked-SAKL0D-processed-gene-11.273-mRNA-1",3.59531035423279
"augustus_masked-SAKL0D-processed-gene-11.289-mRNA-1",4.48697929120064
"augustus_masked-SAKL0D-processed-gene-11.293-mRNA-1",1.01599843847752
"augustus_masked-SAKL0D-processed-gene-11.296-mRNA-1",0.714218092918396
"augustus_masked-SAKL0D-processed-gene-11.300-mRNA-1",1.55498420393467
"augustus_masked-SAKL0D-processed-gene-2.100-mRNA-1",0.72723576566577
"augustus_masked-SAKL0D-processed-gene-2.105-mRNA-1",0.670980938374996
"augustus_masked-SAKL0D-processed-gene-2.125-mRNA-1",0.750013589799404
"augustus_masked-SAKL0D-processed-gene-2.136-mRNA-1",0.883137909531593
"augustus_masked-SAKL0D-processed-gene-3.105-mRNA-1",0.985698516488075
"augustus_masked-SAKL0D-processed-gene-3.107-mRNA-1",1.23300231236219
"augustus_masked-SAKL0D-processed-gene-3.110-mRNA-1",1.66391577732563
"augustus_masked-SAKL0D-processed-gene-3.112-mRNA-1",1.21392006528378
"augustus_masked-SAKL0D-processed-gene-3.118-mRNA-1",0.938919610917568
"augustus_masked-SAKL0D-processed-gene-3.124-mRNA-1",1.64176484715939
"augustus_masked-SAKL0D-processed-gene-3.129-mRNA-1",0.883734271347523
"augustus_masked-SAKL0D-processed-gene-3.135-mRNA-1",0.975085884571075
"augustus_masked-SAKL0D-processed-gene-3.145-mRNA-1",0.697213269948959
"augustus_masked-SAKL0D-processed-gene-4.104-mRNA-1",0.822081544399262
"augustus_masked-SAKL0D-processed-gene-4.110-mRNA-1",0.906880472481251
"augustus_masked-SAKL0D-processed-gene-4.111-mRNA-1",1.13741547244787
"augustus_masked-SAKL0D-processed-gene-4.112-mRNA-1",0.934695678174496
"augustus_masked-SAKL0D-processed-gene-4.116-mRNA-1",0.696017189800739
"augustus_masked-SAKL0D-processed-gene-4.82-mRNA-1",0.814005193531513
"augustus_masked-SAKL0D-processed-gene-4.85-mRNA-1",1.23596292567253
"augustus_masked-SAKL0D-processed-gene-4.88-mRNA-1",0.827932004332542
"augustus_masked-SAKL0D-processed-gene-4.96-mRNA-1",1.02547141396999
"augustus_masked-SAKL0D-processed-gene-5.17-mRNA-1",0.835678289234638
"augustus_masked-SAKL0D-processed-gene-5.22-mRNA-1",1.00647503137589
"augustus_masked-SAKL0D-processed-gene-5.23-mRNA-1",1.18721825921535
"augustus_masked-SAKL0D-processed-gene-5.28-mRNA-1",0.910836938679218
"augustus_masked-SAKL0D-processed-gene-5.35-mRNA-1",1.31243823444843
"augustus_masked-SAKL0D-processed-gene-5.44-mRNA-1",0.910833675980568
"augustus_masked-SAKL0D-processed-gene-5.9-mRNA-1",1.636188190341
"augustus_masked-SAKL0D-processed-gene-6.106-mRNA-1",0.711234247326851
"augustus_masked-SAKL0D-processed-gene-6.110-mRNA-1",1.00076866829395
"augustus_masked-SAKL0D-processed-gene-6.113-mRNA-1",0.945163670480251
"augustus_masked-SAKL0D-processed-gene-6.87-mRNA-1",1.05272021877766
"augustus_masked-SAKL0D-processed-gene-6.93-mRNA-1",0.868140887439251
"augustus_masked-SAKL0D-processed-gene-6.96-mRNA-1",0.906601580381393
"augustus_masked-SAKL0D-processed-gene-6.99-mRNA-1",1.15293363344669
"augustus_masked-SAKL0D-processed-gene-7.14-mRNA-1",3.90793417048454
"augustus_masked-SAKL0D-processed-gene-7.25-mRNA-1",0.823962574541569
"augustus_masked-SAKL0D-processed-gene-7.31-mRNA-1",0.802660898000002
"augustus_masked-SAKL0D-processed-gene-7.34-mRNA-1",1.05103800332546
"augustus_masked-SAKL0D-processed-gene-7.36-mRNA-1",0.907545817494392
"augustus_masked-SAKL0D-processed-gene-7.39-mRNA-1",0.788214716911316
"augustus_masked-SAKL0D-processed-gene-7.48-mRNA-1",1.33099095606804
"augustus_masked-SAKL0D-processed-gene-8.106-mRNA-1",4.61933616995811
"augustus_masked-SAKL0D-processed-gene-8.119-mRNA-1",0.964797139883041
"augustus_masked-SAKL0D-processed-gene-8.95-mRNA-1",0.957498806416988
"augustus_masked-SAKL0D-processed-gene-8.97-mRNA-1",1.71955625414848
"augustus_masked-SAKL0D-processed-gene-9.106-mRNA-1",0.845015882015228
"augustus_masked-SAKL0D-processed-gene-9.112-mRNA-1",1.16508445638418
"augustus_masked-SAKL0D-processed-gene-9.113-mRNA-1",0.880627604424953
"augustus_masked-SAKL0D-processed-gene-9.121-mRNA-1",1.43114924716949
"augustus_masked-SAKL0D-processed-gene-9.126-mRNA-1",1.51698542094231
"augustus_masked-SAKL0D-processed-gene-9.127-mRNA-1",1.04650884395838
"augustus_masked-SAKL0D-processed-gene-9.133-mRNA-1",2.60788738119602
"augustus_masked-SAKL0D-processed-gene-9.142-mRNA-1",4.76540280175209
"augustus_masked-SAKL0D-processed-gene-9.143-mRNA-1",0.550740927636623
"augustus_masked-SAKL0E-processed-gene-0.100-mRNA-1",1.64282052493095
"augustus_masked-SAKL0E-processed-gene-0.108-mRNA-1",0.443445867106318
"augustus_masked-SAKL0E-processed-gene-0.96-mRNA-1",1.04803942412138
"augustus_masked-SAKL0E-processed-gene-0.99-mRNA-1",0.943004040241241
"augustus_masked-SAKL0E-processed-gene-1.10-mRNA-1",1.93455369877815
"augustus_masked-SAKL0E-processed-gene-1.11-mRNA-1",1.02689393919706
"augustus_masked-SAKL0E-processed-gene-1.16-mRNA-1",0.697101396948099
"augustus_masked-SAKL0E-processed-gene-1.24-mRNA-1",1.07593777924776
"augustus_masked-SAKL0E-processed-gene-1.32-mRNA-1",2.05970735120773
"augustus_masked-SAKL0E-processed-gene-1.33-mRNA-1",1.30974881494045
"augustus_masked-SAKL0E-processed-gene-1.37-mRNA-1",1.1750764297843
"augustus_masked-SAKL0E-processed-gene-1.5-mRNA-1",0.761398915886879
"augustus_masked-SAKL0E-processed-gene-1.6-mRNA-1",0.86019663387537
"augustus_masked-SAKL0E-processed-gene-1.7-mRNA-1",1.03952422833443
"augustus_masked-SAKL0E-processed-gene-1.8-mRNA-1",1.13013670521975
"augustus_masked-SAKL0E-processed-gene-10.13-mRNA-1",0.729883254349232
"augustus_masked-SAKL0E-processed-gene-10.16-mRNA-1",1.97149198329449
"augustus_masked-SAKL0E-processed-gene-10.25-mRNA-1",1.11331904649735
"augustus_masked-SAKL0E-processed-gene-10.30-mRNA-1",1.20868716293573
"augustus_masked-SAKL0E-processed-gene-10.32-mRNA-1",1.18941598618031
"augustus_masked-SAKL0E-processed-gene-10.40-mRNA-1",0.976777295649052
"augustus_masked-SAKL0E-processed-gene-10.47-mRNA-1",1.54585759067535
"augustus_masked-SAKL0E-processed-gene-11.186-mRNA-1",0.863065983653069
"augustus_masked-SAKL0E-processed-gene-11.192-mRNA-1",0.648535221457481
"augustus_masked-SAKL0E-processed-gene-11.193-mRNA-1",0.747004040241241
"augustus_masked-SAKL0E-processed-gene-11.209-mRNA-1",1.1006589333415
"augustus_masked-SAKL0E-processed-gene-11.212-mRNA-1",0.667971977382898
"augustus_masked-SAKL0E-processed-gene-11.217-mRNA-1",1.23666308939457
"augustus_masked-SAKL0E-processed-gene-11.240-mRNA-1",0.707269601732492
"augustus_masked-SAKL0E-processed-gene-11.249-mRNA-1",0.926868729710579
"augustus_masked-SAKL0E-processed-gene-11.251-mRNA-1",0.819153435945511
"augustus_masked-SAKL0E-processed-gene-11.253-mRNA-1",0.75936220818758
"augustus_masked-SAKL0E-processed-gene-2.11-mRNA-1",0.808548340260983
"augustus_masked-SAKL0E-processed-gene-2.28-mRNA-1",0.873637719810009
"augustus_masked-SAKL0E-processed-gene-2.39-mRNA-1",1.00059109789133
"augustus_masked-SAKL0E-processed-gene-3.1-mRNA-1",0.760191537737846
"augustus_masked-SAKL0E-processed-gene-3.12-mRNA-1",0.949364957869053
"augustus_masked-SAKL0E-processed-gene-3.17-mRNA-1",0.86365742790699
"augustus_masked-SAKL0E-processed-gene-3.22-mRNA-1",1.32543765044212
"augustus_masked-SAKL0E-processed-gene-3.30-mRNA-1",0.820213359475136
"augustus_masked-SAKL0E-processed-gene-3.47-mRNA-1",0.79703571754694
"augustus_masked-SAKL0E-processed-gene-3.49-mRNA-1",1.40009568750858
"augustus_masked-SAKL0E-processed-gene-4.0-mRNA-1",0.765159641563892
"augustus_masked-SAKL0E-processed-gene-4.11-mRNA-1",0.792138548433781
"augustus_masked-SAKL0E-processed-gene-4.13-mRNA-1",5.41954534006119
"augustus_masked-SAKL0E-processed-gene-4.22-mRNA-1",0.897157940506935
"augustus_masked-SAKL0E-processed-gene-4.35-mRNA-1",0.81554921156168
"augustus_masked-SAKL0E-processed-gene-4.44-mRNA-1",0.727007389426231
"augustus_masked-SAKL0E-processed-gene-4.45-mRNA-1",0.837384338974953
"augustus_masked-SAKL0E-processed-gene-5.13-mRNA-1",0.795617798507214
"augustus_masked-SAKL0E-processed-gene-5.16-mRNA-1",0.833990612983704
"augustus_masked-SAKL0E-processed-gene-5.20-mRNA-1",1.09170881491899
"augustus_masked-SAKL0E-processed-gene-5.30-mRNA-1",0.772803780257702
"augustus_masked-SAKL0E-processed-gene-5.42-mRNA-1",1.15987850025296
"augustus_masked-SAKL0E-processed-gene-6.123-mRNA-1",1.20326817041636
"augustus_masked-SAKL0E-processed-gene-6.124-mRNA-1",2.15190351986885
"augustus_masked-SAKL0E-processed-gene-6.127-mRNA-1",0.904903183996677
"augustus_masked-SAKL0E-processed-gene-6.128-mRNA-1",0.996988758862019
"augustus_masked-SAKL0E-processed-gene-6.139-mRNA-1",0.628328040868044
"augustus_masked-SAKL0E-processed-gene-6.140-mRNA-1",0.833333230137825
"augustus_masked-SAKL0E-processed-gene-6.146-mRNA-1",0.70531827890873
"augustus_masked-SAKL0E-processed-gene-6.150-mRNA-1",0.854865748107433
"augustus_masked-SAKL0E-processed-gene-7.29-mRNA-1",0.67105863776803
"augustus_masked-SAKL0E-processed-gene-7.31-mRNA-1",1.01515207695961
"augustus_masked-SAKL0E-processed-gene-7.35-mRNA-1",0.941915860176086
"augustus_masked-SAKL0E-processed-gene-7.37-mRNA-1",0.940142584443092
"augustus_masked-SAKL0E-processed-gene-8.114-mRNA-1",0.754868035435677
"augustus_masked-SAKL0E-processed-gene-8.115-mRNA-1",1.11789267593622
"augustus_masked-SAKL0E-processed-gene-8.121-mRNA-1",0.703443805545569
"augustus_masked-SAKL0E-processed-gene-8.129-mRNA-1",1.31812337529659
"augustus_masked-SAKL0E-processed-gene-8.137-mRNA-1",0.557690027803183
"augustus_masked-SAKL0E-processed-gene-8.142-mRNA-1",0.819119834959507
"augustus_masked-SAKL0E-processed-gene-8.143-mRNA-1",1.25651727497578
"augustus_masked-SAKL0E-processed-gene-9.15-mRNA-1",0.757721415728331
"augustus_masked-SAKL0E-processed-gene-9.17-mRNA-1",3.30978355360031
"augustus_masked-SAKL0E-processed-gene-9.30-mRNA-1",1.00930309212208
"augustus_masked-SAKL0E-processed-gene-9.39-mRNA-1",1.37565560686588
"augustus_masked-SAKL0E-processed-gene-9.46-mRNA-1",0.932047730743885
"augustus_masked-SAKL0E-processed-gene-9.7-mRNA-1",1.73874862492085
"augustus_masked-SAKL0E-processed-gene-9.9-mRNA-1",0.873605801463127
"augustus_masked-SAKL0F-processed-gene-0.107-mRNA-1",0.789515044331551
"augustus_masked-SAKL0F-processed-gene-0.80-mRNA-1",1.21858715176582
"augustus_masked-SAKL0F-processed-gene-0.84-mRNA-1",0.82024963915348
"augustus_masked-SAKL0F-processed-gene-0.88-mRNA-1",0.951832439005375
"augustus_masked-SAKL0F-processed-gene-0.92-mRNA-1",0.714376105755568
"augustus_masked-SAKL0F-processed-gene-1.109-mRNA-1",0.991368764698505
"augustus_masked-SAKL0F-processed-gene-1.110-mRNA-1",0.866006844937801
"augustus_masked-SAKL0F-processed-gene-1.116-mRNA-1",0.890926068902016
"augustus_masked-SAKL0F-processed-gene-1.123-mRNA-1",1.40198699522018
"augustus_masked-SAKL0F-processed-gene-1.128-mRNA-1",0.809486469984055
"augustus_masked-SAKL0F-processed-gene-1.136-mRNA-1",1.15783747297525
"augustus_masked-SAKL0F-processed-gene-1.140-mRNA-1",0.708902375370264
"augustus_masked-SAKL0F-processed-gene-10.102-mRNA-1",0.690378208488226
"augustus_masked-SAKL0F-processed-gene-10.103-mRNA-1",1.92078927052021
"augustus_masked-SAKL0F-processed-gene-10.112-mRNA-1",1.09506068766117
"augustus_masked-SAKL0F-processed-gene-10.115-mRNA-1",3.56967360281944
"augustus_masked-SAKL0F-processed-gene-10.116-mRNA-1",0.999540519416332
"augustus_masked-SAKL0F-processed-gene-10.83-mRNA-1",1.02868837326765
"augustus_masked-SAKL0F-processed-gene-10.87-mRNA-1",4.41294632935524
"augustus_masked-SAKL0F-processed-gene-10.92-mRNA-1",1.1595319584012
"augustus_masked-SAKL0F-processed-gene-11.106-mRNA-1",0.504776584297419
"augustus_masked-SAKL0F-processed-gene-11.107-mRNA-1",1.6419479663372
"augustus_masked-SAKL0F-processed-gene-11.108-mRNA-1",0.884508303880692
"augustus_masked-SAKL0F-processed-gene-11.120-mRNA-1",1.31022997105122
"augustus_masked-SAKL0F-processed-gene-11.130-mRNA-1",1.57778162902594
"augustus_masked-SAKL0F-processed-gene-11.134-mRNA-1",0.967945666134358
"augustus_masked-SAKL0F-processed-gene-12.192-mRNA-1",1.31250917452574
"augustus_masked-SAKL0F-processed-gene-12.208-mRNA-1",0.969888107895851
"augustus_masked-SAKL0F-processed-gene-12.222-mRNA-1",0.839640758216381
"augustus_masked-SAKL0F-processed-gene-12.228-mRNA-1",0.672016389459372
"augustus_masked-SAKL0F-processed-gene-12.230-mRNA-1",0.960000351011753
"augustus_masked-SAKL0F-processed-gene-12.233-mRNA-1",1.09880605953932
"augustus_masked-SAKL0F-processed-gene-12.239-mRNA-1",1.16170828461647
"augustus_masked-SAKL0F-processed-gene-12.240-mRNA-1",0.789242994368076
"augustus_masked-SAKL0F-processed-gene-12.250-mRNA-1",0.953989980101585
"augustus_masked-SAKL0F-processed-gene-12.254-mRNA-1",0.981176692843437
"augustus_masked-SAKL0F-processed-gene-12.257-mRNA-1",0.677993090540171
"augustus_masked-SAKL0F-processed-gene-2.105-mRNA-1",1.41305545258522
"augustus_masked-SAKL0F-processed-gene-2.106-mRNA-1",1.08150926530361
"augustus_masked-SAKL0F-processed-gene-2.115-mRNA-1",1.08296879553795
"augustus_masked-SAKL0F-processed-gene-2.119-mRNA-1",1.11361436963081
"augustus_masked-SAKL0F-processed-gene-2.121-mRNA-1",0.733462675660849
"augustus_masked-SAKL0F-processed-gene-2.125-mRNA-1",0.691058253645897
"augustus_masked-SAKL0F-processed-gene-2.128-mRNA-1",0.734217347502708
"augustus_masked-SAKL0F-processed-gene-2.133-mRNA-1",1.10606166642904
"augustus_masked-SAKL0F-processed-gene-2.136-mRNA-1",0.680894277632237
"augustus_masked-SAKL0F-processed-gene-2.145-mRNA-1",0.961422260224819
"augustus_masked-SAKL0F-processed-gene-3.22-mRNA-1",1.09974675029516
"augustus_masked-SAKL0F-processed-gene-3.25-mRNA-1",1.13650681459904
"augustus_masked-SAKL0F-processed-gene-3.28-mRNA-1",1.21329773777723
"augustus_masked-SAKL0F-processed-gene-3.32-mRNA-1",0.861288800597191
"augustus_masked-SAKL0F-processed-gene-3.39-mRNA-1",0.754464913904667
"augustus_masked-SAKL0F-processed-gene-3.4-mRNA-1",0.755858743488789
"augustus_masked-SAKL0F-processed-gene-3.40-mRNA-1",1.14181171143055
"augustus_masked-SAKL0F-processed-gene-3.41-mRNA-1",0.800940457969904
"augustus_masked-SAKL0F-processed-gene-3.44-mRNA-1",1.76785178780556
"augustus_masked-SAKL0F-processed-gene-3.5-mRNA-1",0.88514948785305
"augustus_masked-SAKL0F-processed-gene-4.0-mRNA-1",0.826454781651497
"augustus_masked-SAKL0F-processed-gene-4.15-mRNA-1",0.891353515148163
"augustus_masked-SAKL0F-processed-gene-4.2-mRNA-1",0.776447154819965
"augustus_masked-SAKL0F-processed-gene-4.23-mRNA-1",0.819929141521454
"augustus_masked-SAKL0F-processed-gene-4.25-mRNA-1",2.05290857708454
"augustus_masked-SAKL0F-processed-gene-4.3-mRNA-1",0.772921509325504
"augustus_masked-SAKL0F-processed-gene-4.34-mRNA-1",0.859864744901657
"augustus_masked-SAKL0F-processed-gene-4.36-mRNA-1",1.0980375109911
"augustus_masked-SAKL0F-processed-gene-4.37-mRNA-1",1.02026959007978
"augustus_masked-SAKL0F-processed-gene-4.38-mRNA-1",0.552542842745781
"augustus_masked-SAKL0F-processed-gene-4.43-mRNA-1",0.765832372367382
"augustus_masked-SAKL0F-processed-gene-4.45-mRNA-1",0.889479499340057
"augustus_masked-SAKL0F-processed-gene-5.20-mRNA-1",0.813655045568943
"augustus_masked-SAKL0F-processed-gene-5.32-mRNA-1",1.36930632972717
"augustus_masked-SAKL0F-processed-gene-5.45-mRNA-1",0.910721068799496
"augustus_masked-SAKL0F-processed-gene-5.46-mRNA-1",1.23110639643669
"augustus_masked-SAKL0F-processed-gene-6.121-mRNA-1",1.38289616948366
"augustus_masked-SAKL0F-processed-gene-6.134-mRNA-1",0.688623794138432
"augustus_masked-SAKL0F-processed-gene-6.155-mRNA-1",1.02206616741419
"augustus_masked-SAKL0F-processed-gene-6.161-mRNA-1",0.880843016147614
"augustus_masked-SAKL0F-processed-gene-7.115-mRNA-1",1.52005561494827
"augustus_masked-SAKL0F-processed-gene-7.121-mRNA-1",1.26096132916212
"augustus_masked-SAKL0F-processed-gene-7.124-mRNA-1",1.01522016775608
"augustus_masked-SAKL0F-processed-gene-7.134-mRNA-1",1.08647960442305
"augustus_masked-SAKL0F-processed-gene-7.138-mRNA-1",0.787763161480427
"augustus_masked-SAKL0F-processed-gene-7.141-mRNA-1",0.811803969919682
"augustus_masked-SAKL0F-processed-gene-7.142-mRNA-1",1.4096929820776
"augustus_masked-SAKL0F-processed-gene-7.147-mRNA-1",1.98335601651669
"augustus_masked-SAKL0F-processed-gene-8.107-mRNA-1",0.847214338302612
"augustus_masked-SAKL0F-processed-gene-8.108-mRNA-1",0.992346745312214
"augustus_masked-SAKL0F-processed-gene-8.114-mRNA-1",1.13725470709801
"augustus_masked-SAKL0F-processed-gene-8.122-mRNA-1",0.718988916188478
"augustus_masked-SAKL0F-processed-gene-8.123-mRNA-1",0.77080621612072
"augustus_masked-SAKL0F-processed-gene-8.124-mRNA-1",0.820558458685875
"augustus_masked-SAKL0F-processed-gene-8.127-mRNA-1",1.5134169293642
"augustus_masked-SAKL0F-processed-gene-8.139-mRNA-1",1.02049575850368
"augustus_masked-SAKL0F-processed-gene-9.102-mRNA-1",1.25466416108608
"augustus_masked-SAKL0F-processed-gene-9.104-mRNA-1",0.968979800641537
"augustus_masked-SAKL0F-processed-gene-9.105-mRNA-1",0.783691149890423
"augustus_masked-SAKL0F-processed-gene-9.117-mRNA-1",4.19384175777435
"augustus_masked-SAKL0F-processed-gene-9.123-mRNA-1",0.570901994228363
"augustus_masked-SAKL0F-processed-gene-9.128-mRNA-1",0.98449493175745
"augustus_masked-SAKL0F-processed-gene-9.131-mRNA-1",3.63487208127975
"augustus_masked-SAKL0F-processed-gene-9.97-mRNA-1",0.85625653591752
"augustus_masked-SAKL0G-processed-gene-0.16-mRNA-1",0.735182247638702
"augustus_masked-SAKL0G-processed-gene-0.23-mRNA-1",0.941539342284203
"augustus_masked-SAKL0G-processed-gene-0.29-mRNA-1",4.79610179018974
"augustus_masked-SAKL0G-processed-gene-0.7-mRNA-1",1.19004172277451
"augustus_masked-SAKL0G-processed-gene-1.15-mRNA-1",0.79926114243269
"augustus_masked-SAKL0G-processed-gene-1.2-mRNA-1",0.872645112216473
"augustus_masked-SAKL0G-processed-gene-1.4-mRNA-1",1.06373407262564
"augustus_masked-SAKL0G-processed-gene-1.42-mRNA-1",1.14317771047354
"augustus_masked-SAKL0G-processed-gene-10.105-mRNA-1",0.722060157299042
"augustus_masked-SAKL0G-processed-gene-10.106-mRNA-1",0.926174177885056
"augustus_masked-SAKL0G-processed-gene-10.107-mRNA-1",0.77604673153162
"augustus_masked-SAKL0G-processed-gene-10.123-mRNA-1",1.45928584587574
"augustus_masked-SAKL0G-processed-gene-10.125-mRNA-1",1.03247477179766
"augustus_masked-SAKL0G-processed-gene-10.130-mRNA-1",1.04432477384806
"augustus_masked-SAKL0G-processed-gene-10.136-mRNA-1",0.948241962134838
"augustus_masked-SAKL0G-processed-gene-10.92-mRNA-1",0.827131614029407
"augustus_masked-SAKL0G-processed-gene-10.99-mRNA-1",0.614864339977503
"augustus_masked-SAKL0G-processed-gene-11.25-mRNA-1",0.683128719627857
"augustus_masked-SAKL0G-processed-gene-11.27-mRNA-1",1.23597272014618
"augustus_masked-SAKL0G-processed-gene-11.35-mRNA-1",1.67837214767933
"augustus_masked-SAKL0G-processed-gene-11.39-mRNA-1",1.02686707192659
"augustus_masked-SAKL0G-processed-gene-11.40-mRNA-1",1.8753202393055
"augustus_masked-SAKL0G-processed-gene-11.9-mRNA-1",1.27676421689987
"augustus_masked-SAKL0G-processed-gene-12.100-mRNA-1",1.09495274680853
"augustus_masked-SAKL0G-processed-gene-12.105-mRNA-1",0.846062988698483
"augustus_masked-SAKL0G-processed-gene-12.120-mRNA-1",4.35784564161301
"augustus_masked-SAKL0G-processed-gene-12.126-mRNA-1",0.856775984287262
"augustus_masked-SAKL0G-processed-gene-12.134-mRNA-1",1.1370830053091
"augustus_masked-SAKL0G-processed-gene-12.135-mRNA-1",0.652128349095583
"augustus_masked-SAKL0G-processed-gene-12.138-mRNA-1",1.07978372442722
"augustus_masked-SAKL0G-processed-gene-12.139-mRNA-1",1.25587944531441
"augustus_masked-SAKL0G-processed-gene-13.105-mRNA-1",0.833970609724522
"augustus_masked-SAKL0G-processed-gene-13.107-mRNA-1",0.739802065581083
"augustus_masked-SAKL0G-processed-gene-13.111-mRNA-1",0.69389740228653
"augustus_masked-SAKL0G-processed-gene-13.113-mRNA-1",0.791996676623821
"augustus_masked-SAKL0G-processed-gene-13.117-mRNA-1",0.770916247725487
"augustus_masked-SAKL0G-processed-gene-13.119-mRNA-1",0.933183039844036
"augustus_masked-SAKL0G-processed-gene-13.121-mRNA-1",1.12889019209146
"augustus_masked-SAKL0G-processed-gene-13.123-mRNA-1",1.43507925903797
"augustus_masked-SAKL0G-processed-gene-13.124-mRNA-1",0.60948091673851
"augustus_masked-SAKL0G-processed-gene-13.134-mRNA-1",0.937621759355068
"augustus_masked-SAKL0G-processed-gene-13.98-mRNA-1",0.89786746776104
"augustus_masked-SAKL0G-processed-gene-13.99-mRNA-1",0.721647874712944
"augustus_masked-SAKL0G-processed-gene-14.100-mRNA-1",0.936517423272133
"augustus_masked-SAKL0G-processed-gene-14.108-mRNA-1",1.39364402699471
"augustus_masked-SAKL0G-processed-gene-14.112-mRNA-1",0.938263915836811
"augustus_masked-SAKL0G-processed-gene-14.115-mRNA-1",1.09697902834415
"augustus_masked-SAKL0G-processed-gene-14.116-mRNA-1",0.875724991202354
"augustus_masked-SAKL0G-processed-gene-14.82-mRNA-1",1.1802582166791
"augustus_masked-SAKL0G-processed-gene-14.85-mRNA-1",1.02012512230873
"augustus_masked-SAKL0G-processed-gene-14.89-mRNA-1",0.814749212324619
"augustus_masked-SAKL0G-processed-gene-14.99-mRNA-1",0.796179489195347
"augustus_masked-SAKL0G-processed-gene-15.18-mRNA-1",1.58753810870647
"augustus_masked-SAKL0G-processed-gene-15.22-mRNA-1",0.741096382468939
"augustus_masked-SAKL0G-processed-gene-15.26-mRNA-1",1.38474556541443
"augustus_masked-SAKL0G-processed-gene-16.135-mRNA-1",0.954784082114696
"augustus_masked-SAKL0G-processed-gene-16.141-mRNA-1",0.832781853914261
"augustus_masked-SAKL0G-processed-gene-16.146-mRNA-1",0.831629715144634
"augustus_masked-SAKL0G-processed-gene-16.147-mRNA-1",0.662272803932428
"augustus_masked-SAKL0G-processed-gene-16.148-mRNA-1",1.07287558436394
"augustus_masked-SAKL0G-processed-gene-16.154-mRNA-1",1.96590699267387
"augustus_masked-SAKL0G-processed-gene-16.161-mRNA-1",0.90180172765255
"augustus_masked-SAKL0G-processed-gene-16.171-mRNA-1",0.856884035825729
"augustus_masked-SAKL0G-processed-gene-16.172-mRNA-1",1.28648866951466
"augustus_masked-SAKL0G-processed-gene-16.181-mRNA-1",0.768580116271973
"augustus_masked-SAKL0G-processed-gene-16.182-mRNA-1",0.899751169025898
"augustus_masked-SAKL0G-processed-gene-16.188-mRNA-1",0.760826206207275
"augustus_masked-SAKL0G-processed-gene-2.25-mRNA-1",0.854668683409691
"augustus_masked-SAKL0G-processed-gene-2.39-mRNA-1",1.0560298858285
"augustus_masked-SAKL0G-processed-gene-2.41-mRNA-1",1.19075299978256
"augustus_masked-SAKL0G-processed-gene-2.43-mRNA-1",1.65313462483883
"augustus_masked-SAKL0G-processed-gene-2.45-mRNA-1",1.24732668024302
"augustus_masked-SAKL0G-processed-gene-2.51-mRNA-1",0.850864094614983
"augustus_masked-SAKL0G-processed-gene-3.117-mRNA-1",1.13523690980673
"augustus_masked-SAKL0G-processed-gene-3.119-mRNA-1",1.28089785784483
"augustus_masked-SAKL0G-processed-gene-3.126-mRNA-1",1.1245820120573
"augustus_masked-SAKL0G-processed-gene-3.139-mRNA-1",0.878924413740635
"augustus_masked-SAKL0G-processed-gene-3.142-mRNA-1",1.26157315289974
"augustus_masked-SAKL0G-processed-gene-3.154-mRNA-1",1.04109657180309
"augustus_masked-SAKL0G-processed-gene-3.155-mRNA-1",0.919163919627667
"augustus_masked-SAKL0G-processed-gene-4.113-mRNA-1",1.32400846385956
"augustus_masked-SAKL0G-processed-gene-4.124-mRNA-1",0.77177332764864
"augustus_masked-SAKL0G-processed-gene-4.128-mRNA-1",0.790271832466126
"augustus_masked-SAKL0G-processed-gene-4.142-mRNA-1",0.793124048650265
"augustus_masked-SAKL0G-processed-gene-4.144-mRNA-1",1.54504224264622
"augustus_masked-SAKL0G-processed-gene-5.105-mRNA-1",0.7266423189044
"augustus_masked-SAKL0G-processed-gene-5.108-mRNA-1",0.967936585307121
"augustus_masked-SAKL0G-processed-gene-5.110-mRNA-1",0.745225123405457
"augustus_masked-SAKL0G-processed-gene-5.120-mRNA-1",0.995930329740047
"augustus_masked-SAKL0G-processed-gene-5.137-mRNA-1",0.787541858375073
"augustus_masked-SAKL0G-processed-gene-5.140-mRNA-1",0.761620980262756
"augustus_masked-SAKL0G-processed-gene-5.141-mRNA-1",0.748817639231682
"augustus_masked-SAKL0G-processed-gene-5.143-mRNA-1",0.481703283578157
"augustus_masked-SAKL0G-processed-gene-6.13-mRNA-1",0.97647614467144
"augustus_masked-SAKL0G-processed-gene-6.14-mRNA-1",0.785315773010254
"augustus_masked-SAKL0G-processed-gene-6.16-mRNA-1",0.689323873132467
"augustus_masked-SAKL0G-processed-gene-6.25-mRNA-1",0.568712708622217
"augustus_masked-SAKL0G-processed-gene-6.28-mRNA-1",1.76607648468018
"augustus_masked-SAKL0G-processed-gene-6.30-mRNA-1",0.858509947001934
"augustus_masked-SAKL0G-processed-gene-6.43-mRNA-1",1.17902298843861
"augustus_masked-SAKL0G-processed-gene-7.115-mRNA-1",1.05734563493729
"augustus_masked-SAKL0G-processed-gene-7.117-mRNA-1",0.915612457513809
"augustus_masked-SAKL0G-processed-gene-7.119-mRNA-1",0.904637170672417
"augustus_masked-SAKL0G-processed-gene-7.132-mRNA-1",0.960922277748585
"augustus_masked-SAKL0G-processed-gene-7.96-mRNA-1",0.948988066494465
"augustus_masked-SAKL0G-processed-gene-7.97-mRNA-1",0.581697407186031
"augustus_masked-SAKL0G-processed-gene-8.102-mRNA-1",1.44933345043659
"augustus_masked-SAKL0G-processed-gene-8.119-mRNA-1",0.814443291127682
"augustus_masked-SAKL0G-processed-gene-8.128-mRNA-1",0.746756350815296
"augustus_masked-SAKL0G-processed-gene-8.131-mRNA-1",0.888947797060013
"augustus_masked-SAKL0G-processed-gene-9.12-mRNA-1",1.00970802676678
"augustus_masked-SAKL0G-processed-gene-9.27-mRNA-1",0.848377346932888
"augustus_masked-SAKL0G-processed-gene-9.34-mRNA-1",1.0178046028614
"augustus_masked-SAKL0G-processed-gene-9.35-mRNA-1",0.607495935320854
"augustus_masked-SAKL0G-processed-gene-9.37-mRNA-1",0.738898845523596
"augustus_masked-SAKL0G-processed-gene-9.40-mRNA-1",1.41153391957283
"augustus_masked-SAKL0G-processed-gene-9.48-mRNA-1",1.48659957265854
"augustus_masked-SAKL0G-processed-gene-9.50-mRNA-1",0.774738226234913
"augustus_masked-SAKL0H-processed-gene-0.66-mRNA-1",0.678278556466103
"augustus_masked-SAKL0H-processed-gene-1.13-mRNA-1",1.03909556001425
"augustus_masked-SAKL0H-processed-gene-1.14-mRNA-1",1.42057188391685
"augustus_masked-SAKL0H-processed-gene-1.18-mRNA-1",0.956524546205997
"augustus_masked-SAKL0H-processed-gene-1.38-mRNA-1",1.06617937588692
"augustus_masked-SAKL0H-processed-gene-1.39-mRNA-1",0.757832308232784
"augustus_masked-SAKL0H-processed-gene-1.48-mRNA-1",3.27721593356133
"augustus_masked-SAKL0H-processed-gene-10.12-mRNA-1",0.843013464987278
"augustus_masked-SAKL0H-processed-gene-10.18-mRNA-1",1.86217049002647
"augustus_masked-SAKL0H-processed-gene-10.23-mRNA-1",1.01141431415081
"augustus_masked-SAKL0H-processed-gene-10.25-mRNA-1",2.89824887394905
"augustus_masked-SAKL0H-processed-gene-10.30-mRNA-1",0.908696499347687
"augustus_masked-SAKL0H-processed-gene-10.37-mRNA-1",0.979675527215004
"augustus_masked-SAKL0H-processed-gene-10.40-mRNA-1",1.48336272549629
"augustus_masked-SAKL0H-processed-gene-10.41-mRNA-1",0.767189279615879
"augustus_masked-SAKL0H-processed-gene-10.43-mRNA-1",0.882708055377007
"augustus_masked-SAKL0H-processed-gene-10.47-mRNA-1",2.73709129881859
"augustus_masked-SAKL0H-processed-gene-11.1-mRNA-1",1.11855265957117
"augustus_masked-SAKL0H-processed-gene-11.24-mRNA-1",0.908919275820255
"augustus_masked-SAKL0H-processed-gene-11.34-mRNA-1",0.869709650814533
"augustus_masked-SAKL0H-processed-gene-11.5-mRNA-1",0.801191346347332
"augustus_masked-SAKL0H-processed-gene-11.7-mRNA-1",0.981927409410477
"augustus_masked-SAKL0H-processed-gene-12.106-mRNA-1",1.0684889639616
"augustus_masked-SAKL0H-processed-gene-12.76-mRNA-1",0.903291800379753
"augustus_masked-SAKL0H-processed-gene-12.82-mRNA-1",0.993701210975647
"augustus_masked-SAKL0H-processed-gene-12.84-mRNA-1",1.7669363963604
"augustus_masked-SAKL0H-processed-gene-12.94-mRNA-1",0.963870844960213
"augustus_masked-SAKL0H-processed-gene-12.97-mRNA-1",1.55465020871162
"augustus_masked-SAKL0H-processed-gene-13.24-mRNA-1",0.766025511562824
"augustus_masked-SAKL0H-processed-gene-13.27-mRNA-1",1.23991731071472
"augustus_masked-SAKL0H-processed-gene-13.28-mRNA-1",0.831139796078205
"augustus_masked-SAKL0H-processed-gene-13.3-mRNA-1",0.869444589853287
"augustus_masked-SAKL0H-processed-gene-13.32-mRNA-1",0.886587766826153
"augustus_masked-SAKL0H-processed-gene-13.35-mRNA-1",0.678109766513109
"augustus_masked-SAKL0H-processed-gene-13.6-mRNA-1",0.658622423887253
"augustus_masked-SAKL0H-processed-gene-14.27-mRNA-1",0.796222575098276
"augustus_masked-SAKL0H-processed-gene-14.34-mRNA-1",0.904868875265121
"augustus_masked-SAKL0H-processed-gene-15.13-mRNA-1",1.08971284210682
"augustus_masked-SAKL0H-processed-gene-15.20-mRNA-1",1.18986520093679
"augustus_masked-SAKL0H-processed-gene-15.29-mRNA-1",0.999509707570076
"augustus_masked-SAKL0H-processed-gene-15.32-mRNA-1",1.01243007069826
"augustus_masked-SAKL0H-processed-gene-15.34-mRNA-1",0.89846595031023
"augustus_masked-SAKL0H-processed-gene-16.18-mRNA-1",0.913786953270435
"augustus_masked-SAKL0H-processed-gene-16.20-mRNA-1",0.744433135062456
"augustus_masked-SAKL0H-processed-gene-16.21-mRNA-1",1.23267485797405
"augustus_masked-SAKL0H-processed-gene-16.35-mRNA-1",0.870760130941868
"augustus_masked-SAKL0H-processed-gene-16.43-mRNA-1",0.677384415447712
"augustus_masked-SAKL0H-processed-gene-16.47-mRNA-1",1.19279600811005
"augustus_masked-SAKL0H-processed-gene-16.49-mRNA-1",0.414514091089368
"augustus_masked-SAKL0H-processed-gene-16.54-mRNA-1",0.801849257916212
"augustus_masked-SAKL0H-processed-gene-17.102-mRNA-1",0.81458549708128
"augustus_masked-SAKL0H-processed-gene-17.105-mRNA-1",1.46267763519287
"augustus_masked-SAKL0H-processed-gene-17.107-mRNA-1",0.900567374706268
"augustus_masked-SAKL0H-processed-gene-17.113-mRNA-1",0.903548131227493
"augustus_masked-SAKL0H-processed-gene-17.116-mRNA-1",0.931639956891537
"augustus_masked-SAKL0H-processed-gene-17.117-mRNA-1",2.18529756891727
"augustus_masked-SAKL0H-processed-gene-17.128-mRNA-1",1.06141534519196
"augustus_masked-SAKL0H-processed-gene-17.129-mRNA-1",3.85240247893333
"augustus_masked-SAKL0H-processed-gene-17.130-mRNA-1",1.03654728013277
"augustus_masked-SAKL0H-processed-gene-17.132-mRNA-1",1.1961042560935
"augustus_masked-SAKL0H-processed-gene-17.134-mRNA-1",1.09834098762274
"augustus_masked-SAKL0H-processed-gene-17.135-mRNA-1",0.868656135737896
"augustus_masked-SAKL0H-processed-gene-17.136-mRNA-1",0.838773752868175
"augustus_masked-SAKL0H-processed-gene-17.99-mRNA-1",0.85064954906702
"augustus_masked-SAKL0H-processed-gene-18.103-mRNA-1",0.958385512471199
"augustus_masked-SAKL0H-processed-gene-18.111-mRNA-1",1.10542454344034
"augustus_masked-SAKL0H-processed-gene-18.112-mRNA-1",1.2056151958704
"augustus_masked-SAKL0H-processed-gene-18.115-mRNA-1",2.08833312118053
"augustus_masked-SAKL0H-processed-gene-18.119-mRNA-1",0.791591090410948
"augustus_masked-SAKL0H-processed-gene-18.121-mRNA-1",0.80105656132102
"augustus_masked-SAKL0H-processed-gene-18.122-mRNA-1",0.879703532516956
"augustus_masked-SAKL0H-processed-gene-18.124-mRNA-1",0.918202777683735
"augustus_masked-SAKL0H-processed-gene-18.125-mRNA-1",1.12147997182608
"augustus_masked-SAKL0H-processed-gene-18.99-mRNA-1",1.07660002458096
"augustus_masked-SAKL0H-processed-gene-19.11-mRNA-1",1.2374895658493
"augustus_masked-SAKL0H-processed-gene-19.19-mRNA-1",1.18503999185562
"augustus_masked-SAKL0H-processed-gene-19.45-mRNA-1",0.827410002887249
"augustus_masked-SAKL0H-processed-gene-19.47-mRNA-1",0.714817544519901
"augustus_masked-SAKL0H-processed-gene-2.109-mRNA-1",1.53472027337551
"augustus_masked-SAKL0H-processed-gene-2.116-mRNA-1",1.43467626273632
"augustus_masked-SAKL0H-processed-gene-2.117-mRNA-1",0.835371161520481
"augustus_masked-SAKL0H-processed-gene-2.118-mRNA-1",0.866498434901237
"augustus_masked-SAKL0H-processed-gene-2.124-mRNA-1",1.12023629271984
"augustus_masked-SAKL0H-processed-gene-2.132-mRNA-1",0.88425226020813
"augustus_masked-SAKL0H-processed-gene-2.134-mRNA-1",0.781547526955605
"augustus_masked-SAKL0H-processed-gene-2.146-mRNA-1",1.68264532613754
"augustus_masked-SAKL0H-processed-gene-20.19-mRNA-1",1.07476699513197
"augustus_masked-SAKL0H-processed-gene-20.22-mRNA-1",1.01483307749033
"augustus_masked-SAKL0H-processed-gene-20.24-mRNA-1",0.786913990020752
"augustus_masked-SAKL0H-processed-gene-20.25-mRNA-1",1.0166104105711
"augustus_masked-SAKL0H-processed-gene-20.32-mRNA-1",1.06874049603939
"augustus_masked-SAKL0H-processed-gene-20.37-mRNA-1",1.71652788317204
"augustus_masked-SAKL0H-processed-gene-20.42-mRNA-1",1.04676038563251
"augustus_masked-SAKL0H-processed-gene-20.47-mRNA-1",1.0001949441433
"augustus_masked-SAKL0H-processed-gene-21.117-mRNA-1",0.784577595412731
"augustus_masked-SAKL0H-processed-gene-21.85-mRNA-1",1.18893949353695
"augustus_masked-SAKL0H-processed-gene-22.4-mRNA-1",1.24058096623421
"augustus_masked-SAKL0H-processed-gene-22.41-mRNA-1",1.18572973829508
"augustus_masked-SAKL0H-processed-gene-3.102-mRNA-1",0.837158947706223
"augustus_masked-SAKL0H-processed-gene-3.113-mRNA-1",0.82169683855772
"augustus_masked-SAKL0H-processed-gene-3.114-mRNA-1",1.75867728483677
"augustus_masked-SAKL0H-processed-gene-3.119-mRNA-1",0.871829140841961
"augustus_masked-SAKL0H-processed-gene-3.88-mRNA-1",1.15754477953911
"augustus_masked-SAKL0H-processed-gene-3.89-mRNA-1",0.977291299581528
"augustus_masked-SAKL0H-processed-gene-3.94-mRNA-1",0.77817713111639
"augustus_masked-SAKL0H-processed-gene-3.96-mRNA-1",0.819065801501274
"augustus_masked-SAKL0H-processed-gene-3.98-mRNA-1",1.07290681445599
"augustus_masked-SAKL0H-processed-gene-4.115-mRNA-1",1.01095774930716
"augustus_masked-SAKL0H-processed-gene-4.119-mRNA-1",2.45142561936378
"augustus_masked-SAKL0H-processed-gene-4.120-mRNA-1",1.12169910180569
"augustus_masked-SAKL0H-processed-gene-4.121-mRNA-1",0.991539633989334
"augustus_masked-SAKL0H-processed-gene-4.86-mRNA-1",1.14048648899794
"augustus_masked-SAKL0H-processed-gene-5.112-mRNA-1",1.34847710937262
"augustus_masked-SAKL0H-processed-gene-5.113-mRNA-1",1.47710119473934
"augustus_masked-SAKL0H-processed-gene-5.121-mRNA-1",0.859360961198807
"augustus_masked-SAKL0H-processed-gene-5.124-mRNA-1",0.751465354919434
"augustus_masked-SAKL0H-processed-gene-5.126-mRNA-1",0.993856309533119
"augustus_masked-SAKL0H-processed-gene-5.129-mRNA-1",0.8181515879035
"augustus_masked-SAKL0H-processed-gene-5.133-mRNA-1",0.74812946382165
"augustus_masked-SAKL0H-processed-gene-5.136-mRNA-1",0.760282520532608
"augustus_masked-SAKL0H-processed-gene-5.146-mRNA-1",0.880239874958992
"augustus_masked-SAKL0H-processed-gene-5.149-mRNA-1",1.48201253676414
"augustus_masked-SAKL0H-processed-gene-5.159-mRNA-1",0.431913296818733
"augustus_masked-SAKL0H-processed-gene-6.14-mRNA-1",0.745117021620274
"augustus_masked-SAKL0H-processed-gene-6.17-mRNA-1",0.789860168516636
"augustus_masked-SAKL0H-processed-gene-6.19-mRNA-1",1.19435956668854
"augustus_masked-SAKL0H-processed-gene-6.27-mRNA-1",4.47069545102119
"augustus_masked-SAKL0H-processed-gene-6.32-mRNA-1",0.898837265849113
"augustus_masked-SAKL0H-processed-gene-6.40-mRNA-1",0.972933076560497
"augustus_masked-SAKL0H-processed-gene-6.47-mRNA-1",0.955078464925289
"augustus_masked-SAKL0H-processed-gene-6.55-mRNA-1",0.782064201414585
"augustus_masked-SAKL0H-processed-gene-7.0-mRNA-1",1.35676341915131
"augustus_masked-SAKL0H-processed-gene-7.29-mRNA-1",1.15205052882433
"augustus_masked-SAKL0H-processed-gene-8.31-mRNA-1",0.784314095020294
"augustus_masked-SAKL0H-processed-gene-8.33-mRNA-1",0.690958828419447
"augustus_masked-SAKL0H-processed-gene-8.41-mRNA-1",0.813199051737785
"augustus_masked-SAKL0H-processed-gene-8.6-mRNA-1",0.963527413725853
"augustus_masked-SAKL0H-processed-gene-8.7-mRNA-1",0.888649817764759
"augustus_masked-SAKL0H-processed-gene-9.113-mRNA-1",0.882252800226212
"augustus_masked-SAKL0H-processed-gene-9.120-mRNA-1",1.18910309243202
"augustus_masked-SAKL0H-processed-gene-9.127-mRNA-1",2.22591778671741
"augustus_masked-SAKL0H-processed-gene-9.130-mRNA-1",0.833081093788147
"augustus_masked-SAKL0H-processed-gene-9.142-mRNA-1",0.774974820971489
"augustus_masked-SAKL0H-processed-gene-9.143-mRNA-1",0.822300136327744
"augustus_masked-SAKL0H-processed-gene-9.146-mRNA-1",1.97077767050266
"genemark-SAKL0B-processed-gene-0.19-mRNA-1",0.785794852375984
"genemark-SAKL0B-processed-gene-2.74-mRNA-1",0.907422592282295
"genemark-SAKL0B-processed-gene-4.97-mRNA-1",0.839085497021675
"genemark-SAKL0B-processed-gene-7.137-mRNA-1",0.963107614815235
"genemark-SAKL0C-processed-gene-4.109-mRNA-1",2.56044020390511
"genemark-SAKL0C-processed-gene-4.116-mRNA-1",0.204022810280323
"genemark-SAKL0C-processed-gene-8.84-mRNA-1",0.29043661133945
"genemark-SAKL0D-processed-gene-2.20-mRNA-1",1.09764017552137
"genemark-SAKL0D-processed-gene-8.38-mRNA-1",0.606662647128105
"genemark-SAKL0E-processed-gene-3.120-mRNA-1",1.01541930830479
"genemark-SAKL0E-processed-gene-5.147-mRNA-1",1.01464543586969
"genemark-SAKL0G-processed-gene-1.123-mRNA-1",1.74796691858768
"genemark-SAKL0G-processed-gene-1.137-mRNA-1",1.00645296049118
"genemark-SAKL0G-processed-gene-14.64-mRNA-1",0.943634832262993
"genemark-SAKL0G-processed-gene-15.115-mRNA-1",0.78735219591856
"genemark-SAKL0G-processed-gene-5.90-mRNA-1",0.538261848896742
"genemark-SAKL0G-processed-gene-7.38-mRNA-1",1.36258677732944
"genemark-SAKL0H-processed-gene-11.118-mRNA-1",1.36257391738892
"genemark-SAKL0H-processed-gene-13.132-mRNA-1",0.904324661314487
"genemark-SAKL0H-processed-gene-18.29-mRNA-1",0.479247274667025
"genemark-SAKL0H-processed-gene-21.13-mRNA-1",0.531779926687479
"genemark-SAKL0H-processed-gene-4.66-mRNA-1",0.715414096713066
"genemark-SAKL0H-processed-gene-4.68-mRNA-1",1.03454398393631
"maker-SAKL0A-augustus-gene-0.4-mRNA-1",0.739754688680172
"maker-SAKL0A-augustus-gene-3.0-mRNA-1",1.48676492917538
"maker-SAKL0A-augustus-gene-4.53-mRNA-1",1.27688124758005
"maker-SAKL0A-augustus-gene-7.49-mRNA-1",1.00897482061386
"maker-SAKL0A-augustus-gene-8.72-mRNA-1",0.73843779706955
"maker-SAKL0B-augustus-gene-8.45-mRNA-1",0.830731411874294
"maker-SAKL0B-snap-gene-0.77-mRNA-1",0.979765225172043
"maker-SAKL0B-snap-gene-5.133-mRNA-1",1.71877838432789
"maker-SAKL0C-augustus-gene-4.43-mRNA-1",0.804074384093285
"maker-SAKL0C-snap-gene-1.133-mRNA-1",0.4850206605196
"maker-SAKL0C-snap-gene-10.40-mRNA-1",0.768938605755568
"maker-SAKL0C-snap-gene-8.4-mRNA-1",0.922607744157314
"maker-SAKL0D-augustus-gene-5.2-mRNA-1",0.697076767981052
"maker-SAKL0D-snap-gene-8.83-mRNA-1",1.1235757753849
"maker-SAKL0D-snap-gene-9.91-mRNA-1",0.835558406829834
"maker-SAKL0E-augustus-gene-1.39-mRNA-1",0.766956157207489
"maker-SAKL0E-snap-gene-1.42-mRNA-1",1.33307681083679
"maker-SAKL0F-augustus-gene-5.8-mRNA-1",1.41707850193977
"maker-SAKL0G-augustus-gene-12.148-mRNA-1",0.949557729363442
"maker-SAKL0G-snap-gene-0.31-mRNA-1",1.00422043436766
"maker-SAKL0G-snap-gene-10.139-mRNA-1",0.582452547937632
"maker-SAKL0H-augustus-gene-1.0-mRNA-1",1.71230181229115
"maker-SAKL0H-augustus-gene-16.3-mRNA-1",1.05287070918083
"maker-SAKL0H-augustus-gene-17.85-mRNA-1",1.16208086419106
"maker-SAKL0H-augustus-gene-18.90-mRNA-1",1.20383490073681
"maker-SAKL0H-augustus-gene-19.10-mRNA-1",3.68842104721069
"maker-SAKL0H-augustus-gene-4.124-mRNA-1",0.925300895690918
"maker-SAKL0H-augustus-gene-8.43-mRNA-1",0.888423212826252
"maker-SAKL0H-snap-gene-2.101-mRNA-1",0.938096592962742
"maker-SAKL0H-snap-gene-22.51-mRNA-1",0.582523231178522
"maker-SAKL0H-snap-gene-4.127-mRNA-1",0.81701753371954
"maker-SAKL0H-snap-gene-6.8-mRNA-1",0.862344885349274
"maker-SAKL0H-snap-gene-7.56-mRNA-1",0.911947275102138
"maker-SAKL0H-snap-gene-8.48-mRNA-1",1.23411511266232
"snap_masked-SAKL0A-processed-gene-3.97-mRNA-1",0.957747724056244
"snap_masked-SAKL0A-processed-gene-4.110-mRNA-1",0.791888068258762
"snap_masked-SAKL0A-processed-gene-4.77-mRNA-1",0.979211046874523
"snap_masked-SAKL0A-processed-gene-4.80-mRNA-1",0.934805323719978
"snap_masked-SAKL0A-processed-gene-5.100-mRNA-1",0.802377858877182
"snap_masked-SAKL0A-processed-gene-5.118-mRNA-1",0.662225809842348
"snap_masked-SAKL0A-processed-gene-5.140-mRNA-1",0.721638204753399
"snap_masked-SAKL0A-processed-gene-7.100-mRNA-1",0.796136411309242
"snap_masked-SAKL0A-processed-gene-7.103-mRNA-1",0.847851272940636
"snap_masked-SAKL0A-processed-gene-8.114-mRNA-1",0.773257702589035
"snap_masked-SAKL0A-processed-gene-8.118-mRNA-1",0.414123530507088
"snap_masked-SAKL0A-processed-gene-8.119-mRNA-1",0.387413613960147
"snap_masked-SAKL0A-processed-gene-8.155-mRNA-1",0.372627000011504
"snap_masked-SAKL0B-processed-gene-0.40-mRNA-1",0.732332484006882
"snap_masked-SAKL0B-processed-gene-0.43-mRNA-1",0.737435170292854
"snap_masked-SAKL0B-processed-gene-1.84-mRNA-1",0.425919133886695
"snap_masked-SAKL0B-processed-gene-10.73-mRNA-1",0.685908434152603
"snap_masked-SAKL0B-processed-gene-2.105-mRNA-1",0.979918242037296
"snap_masked-SAKL0B-processed-gene-3.37-mRNA-1",0.875925832927227
"snap_masked-SAKL0B-processed-gene-4.22-mRNA-1",1.09532005423307
"snap_masked-SAKL0B-processed-gene-4.23-mRNA-1",0.630645133823156
"snap_masked-SAKL0B-processed-gene-4.9-mRNA-1",1.36276767265797
"snap_masked-SAKL0B-processed-gene-5.18-mRNA-1",0.844739708304405
"snap_masked-SAKL0B-processed-gene-5.3-mRNA-1",0.818594129443169
"snap_masked-SAKL0B-processed-gene-6.91-mRNA-1",0.731539731651545
"snap_masked-SAKL0B-processed-gene-8.85-mRNA-1",0.620332126706839
"snap_masked-SAKL0B-processed-gene-9.53-mRNA-1",0.901842409729958
"snap_masked-SAKL0C-processed-gene-0.43-mRNA-1",0.687525908306241
"snap_masked-SAKL0C-processed-gene-1.32-mRNA-1",0.384040639437735
"snap_masked-SAKL0C-processed-gene-10.44-mRNA-1",0.654678865402937
"snap_masked-SAKL0C-processed-gene-10.46-mRNA-1",0.830370720565319
"snap_masked-SAKL0C-processed-gene-11.208-mRNA-1",0.803247573673725
"snap_masked-SAKL0C-processed-gene-11.210-mRNA-1",0.828938143610954
"snap_masked-SAKL0C-processed-gene-11.231-mRNA-1",0.695781368196011
"snap_masked-SAKL0C-processed-gene-11.241-mRNA-1",1.17584192335606
"snap_masked-SAKL0C-processed-gene-3.75-mRNA-1",0.210131352640688
"snap_masked-SAKL0C-processed-gene-4.63-mRNA-1",0.349128016233444
"snap_masked-SAKL0C-processed-gene-4.78-mRNA-1",0.30242192902416
"snap_masked-SAKL0C-processed-gene-6.107-mRNA-1",0.386897977560759
"snap_masked-SAKL0C-processed-gene-6.135-mRNA-1",0.426471403196454
"snap_masked-SAKL0C-processed-gene-6.140-mRNA-1",0.134432212006301
"snap_masked-SAKL0C-processed-gene-6.95-mRNA-1",0.302149768665433
"snap_masked-SAKL0C-processed-gene-6.97-mRNA-1",0.284972345508635
"snap_masked-SAKL0C-processed-gene-7.104-mRNA-1",0.369130710229278
"snap_masked-SAKL0C-processed-gene-7.116-mRNA-1",0.463084152668714
"snap_masked-SAKL0C-processed-gene-7.125-mRNA-1",1.62001549267769
"snap_masked-SAKL0C-processed-gene-7.148-mRNA-1",0.276488472260535
"snap_masked-SAKL0C-processed-gene-7.150-mRNA-1",0.222338307157159
"snap_masked-SAKL0C-processed-gene-8.113-mRNA-1",0.20409511371702
"snap_masked-SAKL0C-processed-gene-8.122-mRNA-1",0.514828201025724
"snap_masked-SAKL0C-processed-gene-8.123-mRNA-1",0.377838760539889
"snap_masked-SAKL0C-processed-gene-9.104-mRNA-1",0.880464306592941
"snap_masked-SAKL0C-processed-gene-9.109-mRNA-1",0.524085944771767
"snap_masked-SAKL0C-processed-gene-9.122-mRNA-1",0.48341329446435
"snap_masked-SAKL0C-processed-gene-9.126-mRNA-1",0.618657590419054
"snap_masked-SAKL0C-processed-gene-9.127-mRNA-1",0.504125312715769
"snap_masked-SAKL0C-processed-gene-9.129-mRNA-1",0.320958167821169
"snap_masked-SAKL0C-processed-gene-9.132-mRNA-1",0.232461749739945
"snap_masked-SAKL0D-processed-gene-0.72-mRNA-1",0.650998722493649
"snap_masked-SAKL0D-processed-gene-1.109-mRNA-1",0.827070861577988
"snap_masked-SAKL0D-processed-gene-1.129-mRNA-1",0.98590448987484
"snap_masked-SAKL0D-processed-gene-10.115-mRNA-1",0.824214544832706
"snap_masked-SAKL0D-processed-gene-11.135-mRNA-1",0.586304310560226
"snap_masked-SAKL0D-processed-gene-11.150-mRNA-1",0.727631428658962
"snap_masked-SAKL0D-processed-gene-11.197-mRNA-1",0.967193636953831
"snap_masked-SAKL0D-processed-gene-11.202-mRNA-1",0.776691177755594
"snap_masked-SAKL0D-processed-gene-2.56-mRNA-1",0.819178164213896
"snap_masked-SAKL0D-processed-gene-2.76-mRNA-1",0.717357898086309
"snap_masked-SAKL0D-processed-gene-2.81-mRNA-1",0.72207843670249
"snap_masked-SAKL0D-processed-gene-4.35-mRNA-1",0.890082356572151
"snap_masked-SAKL0D-processed-gene-6.1-mRNA-1",1.02112355297804
"snap_masked-SAKL0D-processed-gene-6.15-mRNA-1",0.829405619382858
"snap_masked-SAKL0D-processed-gene-6.39-mRNA-1",0.85409616869688
"snap_masked-SAKL0D-processed-gene-7.110-mRNA-1",0.722766343861818
"snap_masked-SAKL0D-processed-gene-8.77-mRNA-1",0.857178421229124
"snap_masked-SAKL0D-processed-gene-9.69-mRNA-1",0.582516859143972
"snap_masked-SAKL0E-processed-gene-0.72-mRNA-1",0.74146255120635
"snap_masked-SAKL0E-processed-gene-1.68-mRNA-1",0.894930888295174
"snap_masked-SAKL0E-processed-gene-1.72-mRNA-1",0.546757128313184
"snap_masked-SAKL0E-processed-gene-10.60-mRNA-1",0.917893761217594
"snap_masked-SAKL0E-processed-gene-10.74-mRNA-1",0.843906141102314
"snap_masked-SAKL0E-processed-gene-10.96-mRNA-1",0.925171126514673
"snap_masked-SAKL0E-processed-gene-11.32-mRNA-1",0.911013575792313
"snap_masked-SAKL0E-processed-gene-11.34-mRNA-1",0.728771862268448
"snap_masked-SAKL0E-processed-gene-11.92-mRNA-1",0.850131459474564
"snap_masked-SAKL0E-processed-gene-2.102-mRNA-1",0.80707659304142
"snap_masked-SAKL0E-processed-gene-2.103-mRNA-1",0.878512213408947
"snap_masked-SAKL0E-processed-gene-3.73-mRNA-1",0.984210873574018
"snap_masked-SAKL0E-processed-gene-4.52-mRNA-1",0.95022217798233
"snap_masked-SAKL0E-processed-gene-4.59-mRNA-1",0.703590178728104
"snap_masked-SAKL0E-processed-gene-5.59-mRNA-1",0.680765222609043
"snap_masked-SAKL0E-processed-gene-5.77-mRNA-1",0.741114945411682
"snap_masked-SAKL0E-processed-gene-5.79-mRNA-1",0.875043892085552
"snap_masked-SAKL0E-processed-gene-5.83-mRNA-1",0.785615392625332
"snap_masked-SAKL0E-processed-gene-6.50-mRNA-1",0.708036736309528
"snap_masked-SAKL0E-processed-gene-7.52-mRNA-1",0.573776262402534
"snap_masked-SAKL0E-processed-gene-8.73-mRNA-1",0.650546282112598
"snap_masked-SAKL0E-processed-gene-9.103-mRNA-1",0.733447652518749
"snap_masked-SAKL0E-processed-gene-9.56-mRNA-1",0.862031589508057
"snap_masked-SAKL0E-processed-gene-9.83-mRNA-1",0.595371311426163
"snap_masked-SAKL0E-processed-gene-9.91-mRNA-1",1.04098876476288
"snap_masked-SAKL0F-processed-gene-0.2-mRNA-1",0.71125573065877
"snap_masked-SAKL0F-processed-gene-0.26-mRNA-1",0.819602302014828
"snap_masked-SAKL0F-processed-gene-10.27-mRNA-1",0.864145624637604
"snap_masked-SAKL0F-processed-gene-10.28-mRNA-1",0.588235694944859
"snap_masked-SAKL0F-processed-gene-10.29-mRNA-1",0.641782482743263
"snap_masked-SAKL0F-processed-gene-10.30-mRNA-1",0.623228019654751
"snap_masked-SAKL0F-processed-gene-10.9-mRNA-1",0.491511843919754
"snap_masked-SAKL0F-processed-gene-11.86-mRNA-1",0.80537854129076
"snap_masked-SAKL0F-processed-gene-12.56-mRNA-1",0.689390882015228
"snap_masked-SAKL0F-processed-gene-12.60-mRNA-1",1.1373462959528
"snap_masked-SAKL0F-processed-gene-3.132-mRNA-1",0.541171636894345
"snap_masked-SAKL0F-processed-gene-4.108-mRNA-1",0.643021903842688
"snap_masked-SAKL0F-processed-gene-5.112-mRNA-1",0.847271932244301
"snap_masked-SAKL0F-processed-gene-5.114-mRNA-1",0.668490492105484
"snap_masked-SAKL0F-processed-gene-6.101-mRNA-1",0.706602336764336
"snap_masked-SAKL0F-processed-gene-6.66-mRNA-1",1.07301109403372
"snap_masked-SAKL0F-processed-gene-6.95-mRNA-1",0.407834576532245
"snap_masked-SAKL0F-processed-gene-7.68-mRNA-1",0.707797228187323
"snap_masked-SAKL0F-processed-gene-7.92-mRNA-1",2.13333506989479
"snap_masked-SAKL0F-processed-gene-8.16-mRNA-1",0.824208006799221
"snap_masked-SAKL0F-processed-gene-8.37-mRNA-1",0.89713572871685
"snap_masked-SAKL0F-processed-gene-9.29-mRNA-1",0.652648970663548
"snap_masked-SAKL0F-processed-gene-9.9-mRNA-1",1.2478376096487
"snap_masked-SAKL0G-processed-gene-0.61-mRNA-1",0.918481504023075
"snap_masked-SAKL0G-processed-gene-10.21-mRNA-1",0.920938118219376
"snap_masked-SAKL0G-processed-gene-10.22-mRNA-1",0.590276122659445
"snap_masked-SAKL0G-processed-gene-10.39-mRNA-1",1.14652658343315
"snap_masked-SAKL0G-processed-gene-11.135-mRNA-1",0.678807754725218
"snap_masked-SAKL0G-processed-gene-11.140-mRNA-1",0.658847201928496
"snap_masked-SAKL0G-processed-gene-12.32-mRNA-1",0.523733823955059
"snap_masked-SAKL0G-processed-gene-12.8-mRNA-1",0.899371402740479
"snap_masked-SAKL0G-processed-gene-13.51-mRNA-1",0.572228139907122
"snap_masked-SAKL0G-processed-gene-13.65-mRNA-1",0.729790555506945
"snap_masked-SAKL0G-processed-gene-14.6-mRNA-1",1.38728199565411
"snap_masked-SAKL0G-processed-gene-15.79-mRNA-1",1.08101656895876
"snap_masked-SAKL0G-processed-gene-15.87-mRNA-1",0.826836452007294
"snap_masked-SAKL0G-processed-gene-15.91-mRNA-1",0.712388372331858
"snap_masked-SAKL0G-processed-gene-16.52-mRNA-1",0.717318071633577
"snap_masked-SAKL0G-processed-gene-3.3-mRNA-1",0.716876203536987
"snap_masked-SAKL0G-processed-gene-3.45-mRNA-1",0.778294921398163
"snap_masked-SAKL0G-processed-gene-3.9-mRNA-1",1.04454907059669
"snap_masked-SAKL0G-processed-gene-4.50-mRNA-1",0.787270284831524
"snap_masked-SAKL0G-processed-gene-4.85-mRNA-1",0.908268836021423
"snap_masked-SAKL0G-processed-gene-5.28-mRNA-1",0.877265591353178
"snap_masked-SAKL0G-processed-gene-5.34-mRNA-1",0.910135375261307
"snap_masked-SAKL0G-processed-gene-5.40-mRNA-1",0.804988591551781
"snap_masked-SAKL0G-processed-gene-5.48-mRNA-1",0.527881369620562
"snap_masked-SAKL0G-processed-gene-6.109-mRNA-1",0.814178008675575
"snap_masked-SAKL0G-processed-gene-6.89-mRNA-1",0.780375659197569
"snap_masked-SAKL0G-processed-gene-6.90-mRNA-1",0.860501352131367
"snap_masked-SAKL0G-processed-gene-7.59-mRNA-1",0.496882422551513
"snap_masked-SAKL0G-processed-gene-7.64-mRNA-1",1.12533162492514
"snap_masked-SAKL0G-processed-gene-7.82-mRNA-1",0.762305103540421
"snap_masked-SAKL0G-processed-gene-7.84-mRNA-1",0.771374009639025
"snap_masked-SAKL0G-processed-gene-7.86-mRNA-1",0.984715436697006
"snap_masked-SAKL0G-processed-gene-8.26-mRNA-1",0.98081755566597
"snap_masked-SAKL0G-processed-gene-8.37-mRNA-1",0.889374150276184
"snap_masked-SAKL0G-processed-gene-9.116-mRNA-1",0.72824164429307
"snap_masked-SAKL0H-processed-gene-0.1-mRNA-1",0.378971222057939
"snap_masked-SAKL0H-processed-gene-11.60-mRNA-1",0.798187003195286
"snap_masked-SAKL0H-processed-gene-11.65-mRNA-1",0.811838638007641
"snap_masked-SAKL0H-processed-gene-11.73-mRNA-1",0.847462690472603
"snap_masked-SAKL0H-processed-gene-11.75-mRNA-1",1.26172434103489
"snap_masked-SAKL0H-processed-gene-12.18-mRNA-1",0.7592610899508
"snap_masked-SAKL0H-processed-gene-12.32-mRNA-1",0.630896898910403
"snap_masked-SAKL0H-processed-gene-13.54-mRNA-1",0.494505839705467
"snap_masked-SAKL0H-processed-gene-14.88-mRNA-1",0.864525586038828
"snap_masked-SAKL0H-processed-gene-15.90-mRNA-1",0.823575833797455
"snap_masked-SAKL0H-processed-gene-16.136-mRNA-1",0.920590804249048
"snap_masked-SAKL0H-processed-gene-16.140-mRNA-1",0.84371156257391
"snap_masked-SAKL0H-processed-gene-16.152-mRNA-1",0.423917122319341
"snap_masked-SAKL0H-processed-gene-18.77-mRNA-1",0.941729127764702
"snap_masked-SAKL0H-processed-gene-19.114-mRNA-1",0.757242660880089
"snap_masked-SAKL0H-processed-gene-2.71-mRNA-1",0.801549153208733
"snap_masked-SAKL0H-processed-gene-2.89-mRNA-1",0.793146844923496
"snap_masked-SAKL0H-processed-gene-20.138-mRNA-1",1.10012535017729
"snap_masked-SAKL0H-processed-gene-20.97-mRNA-1",0.877983369171619
"snap_masked-SAKL0H-processed-gene-21.47-mRNA-1",0.628784525796771
"snap_masked-SAKL0H-processed-gene-21.51-mRNA-1",0.932853484451771
"snap_masked-SAKL0H-processed-gene-21.71-mRNA-1",0.638727719992399
"snap_masked-SAKL0H-processed-gene-22.66-mRNA-1",0.803539710283279
"snap_masked-SAKL0H-processed-gene-22.96-mRNA-1",0.710994377553463
"snap_masked-SAKL0H-processed-gene-3.57-mRNA-1",0.534833495527506
"snap_masked-SAKL0H-processed-gene-5.106-mRNA-1",0.657260457754135
"snap_masked-SAKL0H-processed-gene-5.54-mRNA-1",0.919795060575008
"snap_masked-SAKL0H-processed-gene-5.81-mRNA-1",0.926937747746706
"snap_masked-SAKL0H-processed-gene-5.90-mRNA-1",1.0341372820735
"snap_masked-SAKL0H-processed-gene-5.94-mRNA-1",0.813836206436157
"snap_masked-SAKL0H-processed-gene-7.74-mRNA-1",0.893689508795738
"snap_masked-SAKL0H-processed-gene-7.85-mRNA-1",0.733569360405207
"snap_masked-SAKL0H-processed-gene-8.66-mRNA-1",0.627158337563276
"snap_masked-SAKL0H-processed-gene-9.62-mRNA-1",0.753363444656134
"snap_masked-SAKL0H-processed-gene-9.65-mRNA-1",0.844443931341171
"snap_masked-SAKL0H-processed-gene-9.75-mRNA-1",0.874592656314373
"snap_masked-SAKL0H-processed-gene-9.77-mRNA-1",0.798494449168444
