AA,Codon,Mean,Std.Dev,2.5%,97.5%
A,GCA,-0.345720873773098,0.0287472422325109,-0.394718935837348,-0.292930436879396
A,GCC,0.0781983643621206,0.0120435043276268,0.0523944925206403,0.0973409984881679
A,GCG,0.135770998638123,0.0582816188493671,0.0443545562215149,0.239947274327278
A,GCT,0,0,0,0
C,TGC,-0.0731409594310244,0.0471997879745631,-0.160188172385097,0.0104507865306611
C,TGT,0,0,0,0
D,GAC,0.458606033146381,0.00762158960388392,0.443414557725191,0.473630475749572
D,GAT,0,0,0,0
E,GAA,-0.359609424054623,0.0379976867724779,-0.429375661412875,-0.293179326504469
E,GAG,0,0,0,0
F,TTC,0.341811688244343,0.0116182236692779,0.319129898150762,0.364373425394297
F,TTT,0,0,0,0
G,GGA,-0.0266818979460513,0.0428900533427774,-0.095374404763182,0.0533725790058573
G,GGC,0.0034124274865535,0.0492357318340881,-0.0822036193062862,0.0859146748979887
G,GGG,0.185158138200641,0.0573326290134242,0.0974307760596275,0.288566303749879
G,GGT,0,0,0,0
H,CAC,0.567737508058548,0.0126514855596069,0.544107961157958,0.592322901388009
H,CAT,0,0,0,0
I,ATA,-0.202694818213582,0.0365481903002713,-0.267699513336023,-0.135264704252283
I,ATC,0.330161188781261,0.00759840770364578,0.315639467040698,0.345440102865299
I,ATT,0,0,0,0
K,AAA,-0.431170231044292,0.0128246962289695,-0.45618428265055,-0.40720111404856
K,AAG,0,0,0,0
L,CTA,0.454692780733109,0.0180059601076556,0.418114542961121,0.485418766736984
L,CTC,0.776182070970535,0.0645678971453207,0.673566783964634,0.89322618196408
L,CTG,0.052865592853108,0.0618564619781316,-0.0578660280443728,0.149714690695206
L,CTT,0.553323912322521,0.0213550311432514,0.507347977658113,0.594099223613739
L,TTA,0.023153431036335,0.0106539432071621,0.00216979585044707,0.0439719522061447
L,TTG,0,0,0,0
N,AAC,0.410954085350037,0.011886293349872,0.387410612404346,0.432641858855883
N,AAT,0,0,0,0
P,CCA,-0.0594459813460708,0.0177150555750005,-0.0913945920144518,-0.0258808899670839
P,CCC,-0.0404654105038207,0.0450150435781061,-0.117834556040665,0.0362838841974735
P,CCG,0.00510231000310159,0.05355080640676,-0.0897718951106072,0.115161826089025
P,CCT,0,0,0,0
Q,CAA,-0.169049886241555,0.0489700377865733,-0.25345834667484,-0.0821050554513931
Q,CAG,0,0,0,0
R,AGA,-1.27054095339775,0.0120014460480262,-1.29561173915863,-1.24911237557729
R,AGG,-1.11512765264511,0.0445313206456627,-1.18949973781904,-1.03632392485936
R,CGA,-0.350986037105322,0.0632984506894689,-0.472354200482368,-0.254406982908646
R,CGC,0.0710168958065333,0.0782955939528316,-0.0436611795177062,0.2161461353302
R,CGG,-0.207730089308694,0.0949846176673364,-0.379371311018864,-0.0203998774910966
R,CGT,0,0,0,0
S,TCA,-0.144900215893984,0.0209179278817999,-0.18446252780656,-0.102955500905712
S,TCC,0.262308678030968,0.00878503008190203,0.243994185576836,0.280047953873873
S,TCG,0.0792817886589328,0.0499189249370927,-0.0155184110626578,0.16683214555184
S,TCT,0,0,0,0
T,ACA,-0.311337703227997,0.0236873096137614,-0.354416243731976,-0.26504996791482
T,ACC,0.257887058675289,0.00852909605541611,0.240752502903342,0.274864247192939
T,ACG,-0.080942441645544,0.0590879465540368,-0.183272223422925,0.0283163103585442
T,ACT,0,0,0,0
V,GTA,0.0730958878058009,0.0274536900984547,0.0163144133985043,0.119012298745414
V,GTC,0.411034630715847,0.00904511559140022,0.39407247453928,0.428204444050789
V,GTG,-0.1134359761253,0.0435500258907994,-0.19015771150589,-0.0427018210291862
V,GTT,0,0,0,0
Y,TAC,0.340904406130314,0.0137166770138017,0.313996442159017,0.366706372300784
Y,TAT,0,0,0,0
Z,AGC,0.166252327144146,0.0194176463558981,0.127961291124423,0.200230563928684
Z,AGT,0,0,0,0
